,subj,chunk,early,late,axis
0,0110171_neurosketch,0,0.40000000000000002,0.38095238095238093,bed_bench
1,0110172_neurosketch,0,0.59999999999999998,0.5714285714285714,bed_chair
2,0111171_neurosketch,0,0.55000000000000004,0.38095238095238093,bed_table
3,0112171_neurosketch,0,0.14999999999999999,0.047619047619047616,bench_chair
4,0112172_neurosketch,0,0.25,0.38095238095238093,bench_table
5,0112173_neurosketch,0,0.29999999999999999,0.14285714285714285,chair_table
6,0113171_neurosketch,0,0.69999999999999996,0.47619047619047616,bed_chair
7,0115172_neurosketch,0,0.29999999999999999,0.23809523809523808,bed_table
8,0115174_neurosketch,0,0.40000000000000002,0.47619047619047616,bench_chair
9,0117171_neurosketch,0,0.10000000000000001,0.0,bench_table
10,0118171_neurosketch,0,0.25,0.0,chair_table
11,0118172_neurosketch,0,0.29999999999999999,0.2857142857142857,chair_table
12,0119171_neurosketch,0,0.29999999999999999,0.38095238095238093,bed_bench
13,0119172_neurosketch,0,0.45000000000000001,0.52380952380952384,bed_chair
14,0119173_neurosketch,0,0.29999999999999999,0.2857142857142857,bed_table
15,0119174_neurosketch,0,0.29999999999999999,0.14285714285714285,bench_chair
16,0120171_neurosketch,0,0.34999999999999998,0.33333333333333331,bench_table
17,0120172_neurosketch,0,0.5,0.2857142857142857,chair_table
18,0120173_neurosketch,0,0.20000000000000001,0.52380952380952384,bed_bench
19,0123171_neurosketch,0,0.45000000000000001,0.42857142857142855,bed_table
20,0123172_neurosketch,0,0.20000000000000001,0.095238095238095233,bench_chair
21,0123173_neurosketch,0,0.29999999999999999,0.23809523809523808,bench_table
22,0124171_neurosketch,0,0.14999999999999999,0.19047619047619047,chair_table
23,0125171_neurosketch,0,0.10000000000000001,0.095238095238095233,bench_chair
24,0125172_neurosketch,0,0.5,0.66666666666666663,bed_chair
25,1121161_neurosketch,0,0.34999999999999998,0.38095238095238093,bed_table
26,1130161_neurosketch,0,0.59999999999999998,0.38095238095238093,bench_chair
27,1201161_neurosketch,0,0.10000000000000001,0.14285714285714285,bench_table
28,1202161_neurosketch,0,0.65000000000000002,0.33333333333333331,bed_chair
29,1203161_neurosketch,0,0.29999999999999999,0.23809523809523808,chair_table
30,1206161_neurosketch,0,0.5,0.2857142857142857,bed_bench
31,1206162_neurosketch,0,0.40000000000000002,0.61904761904761907,bed_chair
32,1206163_neurosketch,0,0.20000000000000001,0.33333333333333331,bed_table
33,1207161_neurosketch,0,0.10000000000000001,0.23809523809523808,bench_chair
34,1207162_neurosketch,0,0.10000000000000001,0.0,bench_table
35,0110171_neurosketch,1,0.40000000000000002,0.33333333333333331,bed_bench
36,0110172_neurosketch,1,0.69999999999999996,0.61904761904761907,bed_chair
37,0111171_neurosketch,1,0.5,0.38095238095238093,bed_table
38,0112171_neurosketch,1,0.25,0.095238095238095233,bench_chair
39,0112172_neurosketch,1,0.34999999999999998,0.42857142857142855,bench_table
40,0112173_neurosketch,1,0.29999999999999999,0.2857142857142857,chair_table
41,0113171_neurosketch,1,0.55000000000000004,0.47619047619047616,bed_chair
42,0115172_neurosketch,1,0.34999999999999998,0.5714285714285714,bed_table
43,0115174_neurosketch,1,0.59999999999999998,0.52380952380952384,bench_chair
44,0117171_neurosketch,1,0.050000000000000003,0.047619047619047616,bench_table
45,0118171_neurosketch,1,0.45000000000000001,0.19047619047619047,chair_table
46,0118172_neurosketch,1,0.45000000000000001,0.42857142857142855,chair_table
47,0119171_neurosketch,1,0.34999999999999998,0.33333333333333331,bed_bench
48,0119172_neurosketch,1,0.45000000000000001,0.38095238095238093,bed_chair
49,0119173_neurosketch,1,0.45000000000000001,0.42857142857142855,bed_table
50,0119174_neurosketch,1,0.34999999999999998,0.38095238095238093,bench_chair
51,0120171_neurosketch,1,0.40000000000000002,0.42857142857142855,bench_table
52,0120172_neurosketch,1,0.45000000000000001,0.2857142857142857,chair_table
53,0120173_neurosketch,1,0.5,0.33333333333333331,bed_bench
54,0123171_neurosketch,1,0.29999999999999999,0.42857142857142855,bed_table
55,0123172_neurosketch,1,0.25,0.23809523809523808,bench_chair
56,0123173_neurosketch,1,0.40000000000000002,0.2857142857142857,bench_table
57,0124171_neurosketch,1,0.29999999999999999,0.23809523809523808,chair_table
58,0125171_neurosketch,1,0.29999999999999999,0.19047619047619047,bench_chair
59,0125172_neurosketch,1,0.65000000000000002,0.61904761904761907,bed_chair
60,1121161_neurosketch,1,0.40000000000000002,0.2857142857142857,bed_table
61,1130161_neurosketch,1,0.69999999999999996,0.52380952380952384,bench_chair
62,1201161_neurosketch,1,0.10000000000000001,0.23809523809523808,bench_table
63,1202161_neurosketch,1,0.80000000000000004,0.52380952380952384,bed_chair
64,1203161_neurosketch,1,0.45000000000000001,0.2857142857142857,chair_table
65,1206161_neurosketch,1,0.45000000000000001,0.52380952380952384,bed_bench
66,1206162_neurosketch,1,0.5,0.61904761904761907,bed_chair
67,1206163_neurosketch,1,0.29999999999999999,0.42857142857142855,bed_table
68,1207161_neurosketch,1,0.34999999999999998,0.38095238095238093,bench_chair
69,1207162_neurosketch,1,0.29999999999999999,0.2857142857142857,bench_table
70,0110171_neurosketch,2,0.45000000000000001,0.38095238095238093,bed_bench
71,0110172_neurosketch,2,0.65000000000000002,0.47619047619047616,bed_chair
72,0111171_neurosketch,2,0.45000000000000001,0.38095238095238093,bed_table
73,0112171_neurosketch,2,0.34999999999999998,0.14285714285714285,bench_chair
74,0112172_neurosketch,2,0.45000000000000001,0.47619047619047616,bench_table
75,0112173_neurosketch,2,0.34999999999999998,0.23809523809523808,chair_table
76,0113171_neurosketch,2,0.5,0.66666666666666663,bed_chair
77,0115172_neurosketch,2,0.45000000000000001,0.5714285714285714,bed_table
78,0115174_neurosketch,2,0.84999999999999998,0.52380952380952384,bench_chair
79,0117171_neurosketch,2,0.10000000000000001,0.0,bench_table
80,0118171_neurosketch,2,0.55000000000000004,0.33333333333333331,chair_table
81,0118172_neurosketch,2,0.34999999999999998,0.52380952380952384,chair_table
82,0119171_neurosketch,2,0.59999999999999998,0.38095238095238093,bed_bench
83,0119172_neurosketch,2,0.45000000000000001,0.38095238095238093,bed_chair
84,0119173_neurosketch,2,0.34999999999999998,0.47619047619047616,bed_table
85,0119174_neurosketch,2,0.5,0.33333333333333331,bench_chair
86,0120171_neurosketch,2,0.5,0.47619047619047616,bench_table
87,0120172_neurosketch,2,0.55000000000000004,0.42857142857142855,chair_table
88,0120173_neurosketch,2,0.55000000000000004,0.33333333333333331,bed_bench
89,0123171_neurosketch,2,0.29999999999999999,0.52380952380952384,bed_table
90,0123172_neurosketch,2,0.29999999999999999,0.19047619047619047,bench_chair
91,0123173_neurosketch,2,0.40000000000000002,0.33333333333333331,bench_table
92,0124171_neurosketch,2,0.34999999999999998,0.33333333333333331,chair_table
93,0125171_neurosketch,2,0.34999999999999998,0.38095238095238093,bench_chair
94,0125172_neurosketch,2,0.65000000000000002,0.52380952380952384,bed_chair
95,1121161_neurosketch,2,0.25,0.2857142857142857,bed_table
96,1130161_neurosketch,2,0.65000000000000002,0.52380952380952384,bench_chair
97,1201161_neurosketch,2,0.34999999999999998,0.47619047619047616,bench_table
98,1202161_neurosketch,2,0.75,0.5714285714285714,bed_chair
99,1203161_neurosketch,2,0.34999999999999998,0.42857142857142855,chair_table
100,1206161_neurosketch,2,0.45000000000000001,0.47619047619047616,bed_bench
101,1206162_neurosketch,2,0.5,0.47619047619047616,bed_chair
102,1206163_neurosketch,2,0.29999999999999999,0.47619047619047616,bed_table
103,1207161_neurosketch,2,0.45000000000000001,0.33333333333333331,bench_chair
104,1207162_neurosketch,2,0.45000000000000001,0.38095238095238093,bench_table
105,0110171_neurosketch,3,0.5,0.38095238095238093,bed_bench
106,0110172_neurosketch,3,0.65000000000000002,0.38095238095238093,bed_chair
107,0111171_neurosketch,3,0.40000000000000002,0.38095238095238093,bed_table
108,0112171_neurosketch,3,0.40000000000000002,0.19047619047619047,bench_chair
109,0112172_neurosketch,3,0.5,0.47619047619047616,bench_table
110,0112173_neurosketch,3,0.34999999999999998,0.19047619047619047,chair_table
111,0113171_neurosketch,3,0.69999999999999996,0.66666666666666663,bed_chair
112,0115172_neurosketch,3,0.45000000000000001,0.61904761904761907,bed_table
113,0115174_neurosketch,3,0.80000000000000004,0.66666666666666663,bench_chair
114,0117171_neurosketch,3,0.050000000000000003,0.095238095238095233,bench_table
115,0118171_neurosketch,3,0.55000000000000004,0.61904761904761907,chair_table
116,0118172_neurosketch,3,0.45000000000000001,0.47619047619047616,chair_table
117,0119171_neurosketch,3,0.5,0.33333333333333331,bed_bench
118,0119172_neurosketch,3,0.40000000000000002,0.42857142857142855,bed_chair
119,0119173_neurosketch,3,0.34999999999999998,0.66666666666666663,bed_table
120,0119174_neurosketch,3,0.69999999999999996,0.38095238095238093,bench_chair
121,0120171_neurosketch,3,0.59999999999999998,0.47619047619047616,bench_table
122,0120172_neurosketch,3,0.59999999999999998,0.52380952380952384,chair_table
123,0120173_neurosketch,3,0.5,0.42857142857142855,bed_bench
124,0123171_neurosketch,3,0.5,0.61904761904761907,bed_table
125,0123172_neurosketch,3,0.40000000000000002,0.14285714285714285,bench_chair
126,0123173_neurosketch,3,0.45000000000000001,0.42857142857142855,bench_table
127,0124171_neurosketch,3,0.40000000000000002,0.2857142857142857,chair_table
128,0125171_neurosketch,3,0.5,0.42857142857142855,bench_chair
129,0125172_neurosketch,3,0.55000000000000004,0.47619047619047616,bed_chair
130,1121161_neurosketch,3,0.29999999999999999,0.33333333333333331,bed_table
131,1130161_neurosketch,3,0.65000000000000002,0.61904761904761907,bench_chair
132,1201161_neurosketch,3,0.40000000000000002,0.33333333333333331,bench_table
133,1202161_neurosketch,3,0.5,0.5714285714285714,bed_chair
134,1203161_neurosketch,3,0.55000000000000004,0.5714285714285714,chair_table
135,1206161_neurosketch,3,0.55000000000000004,0.52380952380952384,bed_bench
136,1206162_neurosketch,3,0.59999999999999998,0.5714285714285714,bed_chair
137,1206163_neurosketch,3,0.34999999999999998,0.42857142857142855,bed_table
138,1207161_neurosketch,3,0.5,0.47619047619047616,bench_chair
139,1207162_neurosketch,3,0.55000000000000004,0.47619047619047616,bench_table
140,0110171_neurosketch,4,0.5,0.38095238095238093,bed_bench
141,0110172_neurosketch,4,0.65000000000000002,0.33333333333333331,bed_chair
142,0111171_neurosketch,4,0.40000000000000002,0.2857142857142857,bed_table
143,0112171_neurosketch,4,0.59999999999999998,0.23809523809523808,bench_chair
144,0112172_neurosketch,4,0.5,0.47619047619047616,bench_table
145,0112173_neurosketch,4,0.29999999999999999,0.33333333333333331,chair_table
146,0113171_neurosketch,4,0.80000000000000004,0.7142857142857143,bed_chair
147,0115172_neurosketch,4,0.5,0.5714285714285714,bed_table
148,0115174_neurosketch,4,0.80000000000000004,0.66666666666666663,bench_chair
149,0117171_neurosketch,4,0.10000000000000001,0.095238095238095233,bench_table
150,0118171_neurosketch,4,0.69999999999999996,0.66666666666666663,chair_table
151,0118172_neurosketch,4,0.40000000000000002,0.61904761904761907,chair_table
152,0119171_neurosketch,4,0.5,0.42857142857142855,bed_bench
153,0119172_neurosketch,4,0.40000000000000002,0.47619047619047616,bed_chair
154,0119173_neurosketch,4,0.34999999999999998,0.38095238095238093,bed_table
155,0119174_neurosketch,4,0.75,0.52380952380952384,bench_chair
156,0120171_neurosketch,4,0.75,0.5714285714285714,bench_table
157,0120172_neurosketch,4,0.69999999999999996,0.47619047619047616,chair_table
158,0120173_neurosketch,4,0.59999999999999998,0.47619047619047616,bed_bench
159,0123171_neurosketch,4,0.5,0.52380952380952384,bed_table
160,0123172_neurosketch,4,0.34999999999999998,0.47619047619047616,bench_chair
161,0123173_neurosketch,4,0.40000000000000002,0.52380952380952384,bench_table
162,0124171_neurosketch,4,0.55000000000000004,0.33333333333333331,chair_table
163,0125171_neurosketch,4,0.40000000000000002,0.42857142857142855,bench_chair
164,0125172_neurosketch,4,0.65000000000000002,0.52380952380952384,bed_chair
165,1121161_neurosketch,4,0.25,0.33333333333333331,bed_table
166,1130161_neurosketch,4,0.65000000000000002,0.66666666666666663,bench_chair
167,1201161_neurosketch,4,0.40000000000000002,0.38095238095238093,bench_table
168,1202161_neurosketch,4,0.69999999999999996,0.5714285714285714,bed_chair
169,1203161_neurosketch,4,0.65000000000000002,0.52380952380952384,chair_table
170,1206161_neurosketch,4,0.55000000000000004,0.61904761904761907,bed_bench
171,1206162_neurosketch,4,0.40000000000000002,0.5714285714285714,bed_chair
172,1206163_neurosketch,4,0.25,0.42857142857142855,bed_table
173,1207161_neurosketch,4,0.5,0.52380952380952384,bench_chair
174,1207162_neurosketch,4,0.5,0.5714285714285714,bench_table
175,0110171_neurosketch,5,0.59999999999999998,0.33333333333333331,bed_bench
176,0110172_neurosketch,5,0.69999999999999996,0.47619047619047616,bed_chair
177,0111171_neurosketch,5,0.55000000000000004,0.2857142857142857,bed_table
178,0112171_neurosketch,5,0.5,0.2857142857142857,bench_chair
179,0112172_neurosketch,5,0.5,0.42857142857142855,bench_table
180,0112173_neurosketch,5,0.40000000000000002,0.23809523809523808,chair_table
181,0113171_neurosketch,5,0.75,0.61904761904761907,bed_chair
182,0115172_neurosketch,5,0.45000000000000001,0.61904761904761907,bed_table
183,0115174_neurosketch,5,0.75,0.61904761904761907,bench_chair
184,0117171_neurosketch,5,0.10000000000000001,0.0,bench_table
185,0118171_neurosketch,5,0.59999999999999998,0.5714285714285714,chair_table
186,0118172_neurosketch,5,0.40000000000000002,0.52380952380952384,chair_table
187,0119171_neurosketch,5,0.45000000000000001,0.47619047619047616,bed_bench
188,0119172_neurosketch,5,0.55000000000000004,0.38095238095238093,bed_chair
189,0119173_neurosketch,5,0.5,0.47619047619047616,bed_table
190,0119174_neurosketch,5,0.90000000000000002,0.52380952380952384,bench_chair
191,0120171_neurosketch,5,0.75,0.52380952380952384,bench_table
192,0120172_neurosketch,5,0.55000000000000004,0.52380952380952384,chair_table
193,0120173_neurosketch,5,0.55000000000000004,0.5714285714285714,bed_bench
194,0123171_neurosketch,5,0.45000000000000001,0.5714285714285714,bed_table
195,0123172_neurosketch,5,0.40000000000000002,0.38095238095238093,bench_chair
196,0123173_neurosketch,5,0.40000000000000002,0.42857142857142855,bench_table
197,0124171_neurosketch,5,0.5,0.33333333333333331,chair_table
198,0125171_neurosketch,5,0.45000000000000001,0.52380952380952384,bench_chair
199,0125172_neurosketch,5,0.69999999999999996,0.5714285714285714,bed_chair
200,1121161_neurosketch,5,0.25,0.33333333333333331,bed_table
201,1130161_neurosketch,5,0.65000000000000002,0.66666666666666663,bench_chair
202,1201161_neurosketch,5,0.29999999999999999,0.42857142857142855,bench_table
203,1202161_neurosketch,5,0.69999999999999996,0.52380952380952384,bed_chair
204,1203161_neurosketch,5,0.55000000000000004,0.52380952380952384,chair_table
205,1206161_neurosketch,5,0.5,0.61904761904761907,bed_bench
206,1206162_neurosketch,5,0.65000000000000002,0.47619047619047616,bed_chair
207,1206163_neurosketch,5,0.29999999999999999,0.38095238095238093,bed_table
208,1207161_neurosketch,5,0.5,0.66666666666666663,bench_chair
209,1207162_neurosketch,5,0.55000000000000004,0.61904761904761907,bench_table
210,0110171_neurosketch,6,0.84999999999999998,0.38095238095238093,bed_bench
211,0110172_neurosketch,6,0.69999999999999996,0.52380952380952384,bed_chair
212,0111171_neurosketch,6,0.40000000000000002,0.33333333333333331,bed_table
213,0112171_neurosketch,6,0.5,0.47619047619047616,bench_chair
214,0112172_neurosketch,6,0.55000000000000004,0.42857142857142855,bench_table
215,0112173_neurosketch,6,0.34999999999999998,0.23809523809523808,chair_table
216,0113171_neurosketch,6,0.69999999999999996,0.61904761904761907,bed_chair
217,0115172_neurosketch,6,0.45000000000000001,0.61904761904761907,bed_table
218,0115174_neurosketch,6,0.75,0.7142857142857143,bench_chair
219,0117171_neurosketch,6,0.14999999999999999,0.14285714285714285,bench_table
220,0118171_neurosketch,6,0.59999999999999998,0.38095238095238093,chair_table
221,0118172_neurosketch,6,0.40000000000000002,0.5714285714285714,chair_table
222,0119171_neurosketch,6,0.55000000000000004,0.47619047619047616,bed_bench
223,0119172_neurosketch,6,0.59999999999999998,0.2857142857142857,bed_chair
224,0119173_neurosketch,6,0.5,0.52380952380952384,bed_table
225,0119174_neurosketch,6,0.90000000000000002,0.52380952380952384,bench_chair
226,0120171_neurosketch,6,0.75,0.5714285714285714,bench_table
227,0120172_neurosketch,6,0.55000000000000004,0.5714285714285714,chair_table
228,0120173_neurosketch,6,0.40000000000000002,0.5714285714285714,bed_bench
229,0123171_neurosketch,6,0.59999999999999998,0.66666666666666663,bed_table
230,0123172_neurosketch,6,0.40000000000000002,0.66666666666666663,bench_chair
231,0123173_neurosketch,6,0.45000000000000001,0.47619047619047616,bench_table
232,0124171_neurosketch,6,0.45000000000000001,0.38095238095238093,chair_table
233,0125171_neurosketch,6,0.59999999999999998,0.5714285714285714,bench_chair
234,0125172_neurosketch,6,0.59999999999999998,0.66666666666666663,bed_chair
235,1121161_neurosketch,6,0.25,0.33333333333333331,bed_table
236,1130161_neurosketch,6,0.59999999999999998,0.7142857142857143,bench_chair
237,1201161_neurosketch,6,0.34999999999999998,0.47619047619047616,bench_table
238,1202161_neurosketch,6,0.65000000000000002,0.61904761904761907,bed_chair
239,1203161_neurosketch,6,0.55000000000000004,0.52380952380952384,chair_table
240,1206161_neurosketch,6,0.5,0.66666666666666663,bed_bench
241,1206162_neurosketch,6,0.69999999999999996,0.5714285714285714,bed_chair
242,1206163_neurosketch,6,0.34999999999999998,0.47619047619047616,bed_table
243,1207161_neurosketch,6,0.59999999999999998,0.5714285714285714,bench_chair
244,1207162_neurosketch,6,0.55000000000000004,0.61904761904761907,bench_table
245,0110171_neurosketch,7,0.69999999999999996,0.42857142857142855,bed_bench
246,0110172_neurosketch,7,0.55000000000000004,0.47619047619047616,bed_chair
247,0111171_neurosketch,7,0.40000000000000002,0.47619047619047616,bed_table
248,0112171_neurosketch,7,0.55000000000000004,0.52380952380952384,bench_chair
249,0112172_neurosketch,7,0.55000000000000004,0.38095238095238093,bench_table
250,0112173_neurosketch,7,0.40000000000000002,0.33333333333333331,chair_table
251,0113171_neurosketch,7,0.80000000000000004,0.61904761904761907,bed_chair
252,0115172_neurosketch,7,0.34999999999999998,0.61904761904761907,bed_table
253,0115174_neurosketch,7,0.80000000000000004,0.76190476190476186,bench_chair
254,0117171_neurosketch,7,0.20000000000000001,0.14285714285714285,bench_table
255,0118171_neurosketch,7,0.59999999999999998,0.42857142857142855,chair_table
256,0118172_neurosketch,7,0.45000000000000001,0.5714285714285714,chair_table
257,0119171_neurosketch,7,0.55000000000000004,0.52380952380952384,bed_bench
258,0119172_neurosketch,7,0.5,0.2857142857142857,bed_chair
259,0119173_neurosketch,7,0.5,0.47619047619047616,bed_table
260,0119174_neurosketch,7,0.94999999999999996,0.61904761904761907,bench_chair
261,0120171_neurosketch,7,0.69999999999999996,0.7142857142857143,bench_table
262,0120172_neurosketch,7,0.65000000000000002,0.7142857142857143,chair_table
263,0120173_neurosketch,7,0.5,0.52380952380952384,bed_bench
264,0123171_neurosketch,7,0.69999999999999996,0.66666666666666663,bed_table
265,0123172_neurosketch,7,0.5,0.61904761904761907,bench_chair
266,0123173_neurosketch,7,0.55000000000000004,0.42857142857142855,bench_table
267,0124171_neurosketch,7,0.59999999999999998,0.42857142857142855,chair_table
268,0125171_neurosketch,7,0.65000000000000002,0.5714285714285714,bench_chair
269,0125172_neurosketch,7,0.5,0.5714285714285714,bed_chair
270,1121161_neurosketch,7,0.45000000000000001,0.2857142857142857,bed_table
271,1130161_neurosketch,7,0.65000000000000002,0.7142857142857143,bench_chair
272,1201161_neurosketch,7,0.34999999999999998,0.52380952380952384,bench_table
273,1202161_neurosketch,7,0.65000000000000002,0.5714285714285714,bed_chair
274,1203161_neurosketch,7,0.69999999999999996,0.61904761904761907,chair_table
275,1206161_neurosketch,7,0.40000000000000002,0.7142857142857143,bed_bench
276,1206162_neurosketch,7,0.59999999999999998,0.5714285714285714,bed_chair
277,1206163_neurosketch,7,0.45000000000000001,0.42857142857142855,bed_table
278,1207161_neurosketch,7,0.69999999999999996,0.5714285714285714,bench_chair
279,1207162_neurosketch,7,0.65000000000000002,0.7142857142857143,bench_table
280,0110171_neurosketch,8,0.69999999999999996,0.52380952380952384,bed_bench
281,0110172_neurosketch,8,0.65000000000000002,0.61904761904761907,bed_chair
282,0111171_neurosketch,8,0.55000000000000004,0.33333333333333331,bed_table
283,0112171_neurosketch,8,0.59999999999999998,0.5714285714285714,bench_chair
284,0112172_neurosketch,8,0.65000000000000002,0.47619047619047616,bench_table
285,0112173_neurosketch,8,0.45000000000000001,0.42857142857142855,chair_table
286,0113171_neurosketch,8,0.75,0.52380952380952384,bed_chair
287,0115172_neurosketch,8,0.29999999999999999,0.61904761904761907,bed_table
288,0115174_neurosketch,8,0.75,0.76190476190476186,bench_chair
289,0117171_neurosketch,8,0.29999999999999999,0.14285714285714285,bench_table
290,0118171_neurosketch,8,0.59999999999999998,0.42857142857142855,chair_table
291,0118172_neurosketch,8,0.59999999999999998,0.76190476190476186,chair_table
292,0119171_neurosketch,8,0.40000000000000002,0.66666666666666663,bed_bench
293,0119172_neurosketch,8,0.45000000000000001,0.33333333333333331,bed_chair
294,0119173_neurosketch,8,0.55000000000000004,0.52380952380952384,bed_table
295,0119174_neurosketch,8,0.80000000000000004,0.5714285714285714,bench_chair
296,0120171_neurosketch,8,0.69999999999999996,0.7142857142857143,bench_table
297,0120172_neurosketch,8,0.69999999999999996,0.80952380952380953,chair_table
298,0120173_neurosketch,8,0.5,0.5714285714285714,bed_bench
299,0123171_neurosketch,8,0.69999999999999996,0.76190476190476186,bed_table
300,0123172_neurosketch,8,0.55000000000000004,0.76190476190476186,bench_chair
301,0123173_neurosketch,8,0.55000000000000004,0.52380952380952384,bench_table
302,0124171_neurosketch,8,0.59999999999999998,0.42857142857142855,chair_table
303,0125171_neurosketch,8,0.5,0.66666666666666663,bench_chair
304,0125172_neurosketch,8,0.59999999999999998,0.61904761904761907,bed_chair
305,1121161_neurosketch,8,0.5,0.33333333333333331,bed_table
306,1130161_neurosketch,8,0.65000000000000002,0.66666666666666663,bench_chair
307,1201161_neurosketch,8,0.40000000000000002,0.52380952380952384,bench_table
308,1202161_neurosketch,8,0.65000000000000002,0.5714285714285714,bed_chair
309,1203161_neurosketch,8,0.69999999999999996,0.7142857142857143,chair_table
310,1206161_neurosketch,8,0.45000000000000001,0.80952380952380953,bed_bench
311,1206162_neurosketch,8,0.55000000000000004,0.61904761904761907,bed_chair
312,1206163_neurosketch,8,0.5,0.42857142857142855,bed_table
313,1207161_neurosketch,8,0.75,0.66666666666666663,bench_chair
314,1207162_neurosketch,8,0.69999999999999996,0.7142857142857143,bench_table
315,0110171_neurosketch,9,0.65000000000000002,0.47619047619047616,bed_bench
316,0110172_neurosketch,9,0.65000000000000002,0.52380952380952384,bed_chair
317,0111171_neurosketch,9,0.55000000000000004,0.33333333333333331,bed_table
318,0112171_neurosketch,9,0.65000000000000002,0.61904761904761907,bench_chair
319,0112172_neurosketch,9,0.69999999999999996,0.38095238095238093,bench_table
320,0112173_neurosketch,9,0.40000000000000002,0.52380952380952384,chair_table
321,0113171_neurosketch,9,0.80000000000000004,0.61904761904761907,bed_chair
322,0115172_neurosketch,9,0.29999999999999999,0.66666666666666663,bed_table
323,0115174_neurosketch,9,0.80000000000000004,0.80952380952380953,bench_chair
324,0117171_neurosketch,9,0.34999999999999998,0.23809523809523808,bench_table
325,0118171_neurosketch,9,0.59999999999999998,0.47619047619047616,chair_table
326,0118172_neurosketch,9,0.59999999999999998,0.80952380952380953,chair_table
327,0119171_neurosketch,9,0.34999999999999998,0.76190476190476186,bed_bench
328,0119172_neurosketch,9,0.5,0.38095238095238093,bed_chair
329,0119173_neurosketch,9,0.65000000000000002,0.61904761904761907,bed_table
330,0119174_neurosketch,9,0.84999999999999998,0.66666666666666663,bench_chair
331,0120171_neurosketch,9,0.69999999999999996,0.66666666666666663,bench_table
332,0120172_neurosketch,9,0.75,0.8571428571428571,chair_table
333,0120173_neurosketch,9,0.5,0.52380952380952384,bed_bench
334,0123171_neurosketch,9,0.69999999999999996,0.80952380952380953,bed_table
335,0123172_neurosketch,9,0.69999999999999996,0.66666666666666663,bench_chair
336,0123173_neurosketch,9,0.59999999999999998,0.52380952380952384,bench_table
337,0124171_neurosketch,9,0.59999999999999998,0.38095238095238093,chair_table
338,0125171_neurosketch,9,0.55000000000000004,0.61904761904761907,bench_chair
339,0125172_neurosketch,9,0.65000000000000002,0.5714285714285714,bed_chair
340,1121161_neurosketch,9,0.55000000000000004,0.33333333333333331,bed_table
341,1130161_neurosketch,9,0.75,0.66666666666666663,bench_chair
342,1201161_neurosketch,9,0.40000000000000002,0.47619047619047616,bench_table
343,1202161_neurosketch,9,0.69999999999999996,0.76190476190476186,bed_chair
344,1203161_neurosketch,9,0.65000000000000002,0.76190476190476186,chair_table
345,1206161_neurosketch,9,0.45000000000000001,0.80952380952380953,bed_bench
346,1206162_neurosketch,9,0.59999999999999998,0.52380952380952384,bed_chair
347,1206163_neurosketch,9,0.55000000000000004,0.5714285714285714,bed_table
348,1207161_neurosketch,9,0.75,0.76190476190476186,bench_chair
349,1207162_neurosketch,9,0.75,0.7142857142857143,bench_table
350,0110171_neurosketch,10,0.69999999999999996,0.52380952380952384,bed_bench
351,0110172_neurosketch,10,0.65000000000000002,0.52380952380952384,bed_chair
352,0111171_neurosketch,10,0.5,0.47619047619047616,bed_table
353,0112171_neurosketch,10,0.80000000000000004,0.5714285714285714,bench_chair
354,0112172_neurosketch,10,0.65000000000000002,0.52380952380952384,bench_table
355,0112173_neurosketch,10,0.34999999999999998,0.47619047619047616,chair_table
356,0113171_neurosketch,10,0.69999999999999996,0.61904761904761907,bed_chair
357,0115172_neurosketch,10,0.29999999999999999,0.61904761904761907,bed_table
358,0115174_neurosketch,10,0.80000000000000004,0.80952380952380953,bench_chair
359,0117171_neurosketch,10,0.29999999999999999,0.23809523809523808,bench_table
360,0118171_neurosketch,10,0.55000000000000004,0.42857142857142855,chair_table
361,0118172_neurosketch,10,0.59999999999999998,0.80952380952380953,chair_table
362,0119171_neurosketch,10,0.45000000000000001,0.7142857142857143,bed_bench
363,0119172_neurosketch,10,0.55000000000000004,0.33333333333333331,bed_chair
364,0119173_neurosketch,10,0.69999999999999996,0.66666666666666663,bed_table
365,0119174_neurosketch,10,0.80000000000000004,0.5714285714285714,bench_chair
366,0120171_neurosketch,10,0.75,0.66666666666666663,bench_table
367,0120172_neurosketch,10,0.75,0.80952380952380953,chair_table
368,0120173_neurosketch,10,0.55000000000000004,0.61904761904761907,bed_bench
369,0123171_neurosketch,10,0.65000000000000002,0.7142857142857143,bed_table
370,0123172_neurosketch,10,0.5,0.7142857142857143,bench_chair
371,0123173_neurosketch,10,0.55000000000000004,0.52380952380952384,bench_table
372,0124171_neurosketch,10,0.55000000000000004,0.42857142857142855,chair_table
373,0125171_neurosketch,10,0.59999999999999998,0.66666666666666663,bench_chair
374,0125172_neurosketch,10,0.69999999999999996,0.5714285714285714,bed_chair
375,1121161_neurosketch,10,0.45000000000000001,0.42857142857142855,bed_table
376,1130161_neurosketch,10,0.65000000000000002,0.66666666666666663,bench_chair
377,1201161_neurosketch,10,0.45000000000000001,0.47619047619047616,bench_table
378,1202161_neurosketch,10,0.69999999999999996,0.61904761904761907,bed_chair
379,1203161_neurosketch,10,0.69999999999999996,0.80952380952380953,chair_table
380,1206161_neurosketch,10,0.55000000000000004,0.76190476190476186,bed_bench
381,1206162_neurosketch,10,0.69999999999999996,0.47619047619047616,bed_chair
382,1206163_neurosketch,10,0.5,0.5714285714285714,bed_table
383,1207161_neurosketch,10,0.69999999999999996,0.8571428571428571,bench_chair
384,1207162_neurosketch,10,0.69999999999999996,0.7142857142857143,bench_table
385,0110171_neurosketch,11,0.65000000000000002,0.38095238095238093,bed_bench
386,0110172_neurosketch,11,0.69999999999999996,0.47619047619047616,bed_chair
387,0111171_neurosketch,11,0.59999999999999998,0.42857142857142855,bed_table
388,0112171_neurosketch,11,0.65000000000000002,0.66666666666666663,bench_chair
389,0112172_neurosketch,11,0.55000000000000004,0.52380952380952384,bench_table
390,0112173_neurosketch,11,0.34999999999999998,0.47619047619047616,chair_table
391,0113171_neurosketch,11,0.69999999999999996,0.66666666666666663,bed_chair
392,0115172_neurosketch,11,0.34999999999999998,0.52380952380952384,bed_table
393,0115174_neurosketch,11,0.80000000000000004,0.80952380952380953,bench_chair
394,0117171_neurosketch,11,0.29999999999999999,0.38095238095238093,bench_table
395,0118171_neurosketch,11,0.59999999999999998,0.52380952380952384,chair_table
396,0118172_neurosketch,11,0.65000000000000002,0.80952380952380953,chair_table
397,0119171_neurosketch,11,0.5,0.7142857142857143,bed_bench
398,0119172_neurosketch,11,0.59999999999999998,0.42857142857142855,bed_chair
399,0119173_neurosketch,11,0.69999999999999996,0.66666666666666663,bed_table
400,0119174_neurosketch,11,0.90000000000000002,0.52380952380952384,bench_chair
401,0120171_neurosketch,11,0.65000000000000002,0.66666666666666663,bench_table
402,0120172_neurosketch,11,0.80000000000000004,0.80952380952380953,chair_table
403,0120173_neurosketch,11,0.65000000000000002,0.61904761904761907,bed_bench
404,0123171_neurosketch,11,0.69999999999999996,0.76190476190476186,bed_table
405,0123172_neurosketch,11,0.55000000000000004,0.66666666666666663,bench_chair
406,0123173_neurosketch,11,0.55000000000000004,0.42857142857142855,bench_table
407,0124171_neurosketch,11,0.55000000000000004,0.42857142857142855,chair_table
408,0125171_neurosketch,11,0.65000000000000002,0.66666666666666663,bench_chair
409,0125172_neurosketch,11,0.59999999999999998,0.5714285714285714,bed_chair
410,1121161_neurosketch,11,0.45000000000000001,0.38095238095238093,bed_table
411,1130161_neurosketch,11,0.65000000000000002,0.61904761904761907,bench_chair
412,1201161_neurosketch,11,0.59999999999999998,0.42857142857142855,bench_table
413,1202161_neurosketch,11,0.75,0.66666666666666663,bed_chair
414,1203161_neurosketch,11,0.65000000000000002,0.80952380952380953,chair_table
415,1206161_neurosketch,11,0.55000000000000004,0.80952380952380953,bed_bench
416,1206162_neurosketch,11,0.69999999999999996,0.61904761904761907,bed_chair
417,1206163_neurosketch,11,0.45000000000000001,0.52380952380952384,bed_table
418,1207161_neurosketch,11,0.75,0.8571428571428571,bench_chair
419,1207162_neurosketch,11,0.69999999999999996,0.80952380952380953,bench_table
420,0110171_neurosketch,12,0.65000000000000002,0.47619047619047616,bed_bench
421,0110172_neurosketch,12,0.75,0.61904761904761907,bed_chair
422,0111171_neurosketch,12,0.65000000000000002,0.47619047619047616,bed_table
423,0112171_neurosketch,12,0.55000000000000004,0.61904761904761907,bench_chair
424,0112172_neurosketch,12,0.65000000000000002,0.42857142857142855,bench_table
425,0112173_neurosketch,12,0.25,0.42857142857142855,chair_table
426,0113171_neurosketch,12,0.75,0.61904761904761907,bed_chair
427,0115172_neurosketch,12,0.34999999999999998,0.52380952380952384,bed_table
428,0115174_neurosketch,12,0.84999999999999998,0.76190476190476186,bench_chair
429,0117171_neurosketch,12,0.45000000000000001,0.38095238095238093,bench_table
430,0118171_neurosketch,12,0.59999999999999998,0.52380952380952384,chair_table
431,0118172_neurosketch,12,0.69999999999999996,0.80952380952380953,chair_table
432,0119171_neurosketch,12,0.5,0.76190476190476186,bed_bench
433,0119172_neurosketch,12,0.65000000000000002,0.52380952380952384,bed_chair
434,0119173_neurosketch,12,0.69999999999999996,0.7142857142857143,bed_table
435,0119174_neurosketch,12,0.80000000000000004,0.52380952380952384,bench_chair
436,0120171_neurosketch,12,0.65000000000000002,0.66666666666666663,bench_table
437,0120172_neurosketch,12,0.80000000000000004,0.8571428571428571,chair_table
438,0120173_neurosketch,12,0.5,0.66666666666666663,bed_bench
439,0123171_neurosketch,12,0.69999999999999996,0.76190476190476186,bed_table
440,0123172_neurosketch,12,0.55000000000000004,0.61904761904761907,bench_chair
441,0123173_neurosketch,12,0.55000000000000004,0.47619047619047616,bench_table
442,0124171_neurosketch,12,0.59999999999999998,0.42857142857142855,chair_table
443,0125171_neurosketch,12,0.65000000000000002,0.80952380952380953,bench_chair
444,0125172_neurosketch,12,0.59999999999999998,0.5714285714285714,bed_chair
445,1121161_neurosketch,12,0.55000000000000004,0.42857142857142855,bed_table
446,1130161_neurosketch,12,0.59999999999999998,0.61904761904761907,bench_chair
447,1201161_neurosketch,12,0.55000000000000004,0.47619047619047616,bench_table
448,1202161_neurosketch,12,0.69999999999999996,0.7142857142857143,bed_chair
449,1203161_neurosketch,12,0.69999999999999996,0.80952380952380953,chair_table
450,1206161_neurosketch,12,0.45000000000000001,0.76190476190476186,bed_bench
451,1206162_neurosketch,12,0.65000000000000002,0.66666666666666663,bed_chair
452,1206163_neurosketch,12,0.40000000000000002,0.5714285714285714,bed_table
453,1207161_neurosketch,12,0.75,0.80952380952380953,bench_chair
454,1207162_neurosketch,12,0.75,0.80952380952380953,bench_table
455,0110171_neurosketch,13,0.65000000000000002,0.52380952380952384,bed_bench
456,0110172_neurosketch,13,0.69999999999999996,0.61904761904761907,bed_chair
457,0111171_neurosketch,13,0.75,0.47619047619047616,bed_table
458,0112171_neurosketch,13,0.65000000000000002,0.61904761904761907,bench_chair
459,0112172_neurosketch,13,0.59999999999999998,0.42857142857142855,bench_table
460,0112173_neurosketch,13,0.5,0.47619047619047616,chair_table
461,0113171_neurosketch,13,0.75,0.66666666666666663,bed_chair
462,0115172_neurosketch,13,0.45000000000000001,0.5714285714285714,bed_table
463,0115174_neurosketch,13,0.80000000000000004,0.76190476190476186,bench_chair
464,0117171_neurosketch,13,0.55000000000000004,0.33333333333333331,bench_table
465,0118171_neurosketch,13,0.59999999999999998,0.61904761904761907,chair_table
466,0118172_neurosketch,13,0.69999999999999996,0.76190476190476186,chair_table
467,0119171_neurosketch,13,0.5,0.76190476190476186,bed_bench
468,0119172_neurosketch,13,0.69999999999999996,0.5714285714285714,bed_chair
469,0119173_neurosketch,13,0.75,0.80952380952380953,bed_table
470,0119174_neurosketch,13,0.80000000000000004,0.52380952380952384,bench_chair
471,0120171_neurosketch,13,0.69999999999999996,0.7142857142857143,bench_table
472,0120172_neurosketch,13,0.80000000000000004,0.8571428571428571,chair_table
473,0120173_neurosketch,13,0.55000000000000004,0.7142857142857143,bed_bench
474,0123171_neurosketch,13,0.75,0.7142857142857143,bed_table
475,0123172_neurosketch,13,0.65000000000000002,0.61904761904761907,bench_chair
476,0123173_neurosketch,13,0.55000000000000004,0.47619047619047616,bench_table
477,0124171_neurosketch,13,0.55000000000000004,0.42857142857142855,chair_table
478,0125171_neurosketch,13,0.65000000000000002,0.80952380952380953,bench_chair
479,0125172_neurosketch,13,0.59999999999999998,0.5714285714285714,bed_chair
480,1121161_neurosketch,13,0.55000000000000004,0.42857142857142855,bed_table
481,1130161_neurosketch,13,0.59999999999999998,0.61904761904761907,bench_chair
482,1201161_neurosketch,13,0.5,0.47619047619047616,bench_table
483,1202161_neurosketch,13,0.69999999999999996,0.7142857142857143,bed_chair
484,1203161_neurosketch,13,0.69999999999999996,0.8571428571428571,chair_table
485,1206161_neurosketch,13,0.5,0.76190476190476186,bed_bench
486,1206162_neurosketch,13,0.69999999999999996,0.61904761904761907,bed_chair
487,1206163_neurosketch,13,0.40000000000000002,0.5714285714285714,bed_table
488,1207161_neurosketch,13,0.75,0.76190476190476186,bench_chair
489,1207162_neurosketch,13,0.65000000000000002,0.8571428571428571,bench_table
490,0110171_neurosketch,14,0.65000000000000002,0.52380952380952384,bed_bench
491,0110172_neurosketch,14,0.75,0.61904761904761907,bed_chair
492,0111171_neurosketch,14,0.75,0.47619047619047616,bed_table
493,0112171_neurosketch,14,0.59999999999999998,0.52380952380952384,bench_chair
494,0112172_neurosketch,14,0.5,0.47619047619047616,bench_table
495,0112173_neurosketch,14,0.55000000000000004,0.42857142857142855,chair_table
496,0113171_neurosketch,14,0.75,0.5714285714285714,bed_chair
497,0115172_neurosketch,14,0.40000000000000002,0.52380952380952384,bed_table
498,0115174_neurosketch,14,0.80000000000000004,0.7142857142857143,bench_chair
499,0117171_neurosketch,14,0.45000000000000001,0.33333333333333331,bench_table
500,0118171_neurosketch,14,0.65000000000000002,0.52380952380952384,chair_table
501,0118172_neurosketch,14,0.69999999999999996,0.8571428571428571,chair_table
502,0119171_neurosketch,14,0.45000000000000001,0.76190476190476186,bed_bench
503,0119172_neurosketch,14,0.69999999999999996,0.5714285714285714,bed_chair
504,0119173_neurosketch,14,0.75,0.66666666666666663,bed_table
505,0119174_neurosketch,14,0.75,0.5714285714285714,bench_chair
506,0120171_neurosketch,14,0.69999999999999996,0.76190476190476186,bench_table
507,0120172_neurosketch,14,0.84999999999999998,0.8571428571428571,chair_table
508,0120173_neurosketch,14,0.65000000000000002,0.66666666666666663,bed_bench
509,0123171_neurosketch,14,0.75,0.7142857142857143,bed_table
510,0123172_neurosketch,14,0.65000000000000002,0.66666666666666663,bench_chair
511,0123173_neurosketch,14,0.59999999999999998,0.52380952380952384,bench_table
512,0124171_neurosketch,14,0.55000000000000004,0.52380952380952384,chair_table
513,0125171_neurosketch,14,0.69999999999999996,0.66666666666666663,bench_chair
514,0125172_neurosketch,14,0.59999999999999998,0.61904761904761907,bed_chair
515,1121161_neurosketch,14,0.55000000000000004,0.52380952380952384,bed_table
516,1130161_neurosketch,14,0.80000000000000004,0.66666666666666663,bench_chair
517,1201161_neurosketch,14,0.40000000000000002,0.42857142857142855,bench_table
518,1202161_neurosketch,14,0.75,0.66666666666666663,bed_chair
519,1203161_neurosketch,14,0.65000000000000002,0.8571428571428571,chair_table
520,1206161_neurosketch,14,0.45000000000000001,0.80952380952380953,bed_bench
521,1206162_neurosketch,14,0.75,0.61904761904761907,bed_chair
522,1206163_neurosketch,14,0.45000000000000001,0.61904761904761907,bed_table
523,1207161_neurosketch,14,0.84999999999999998,0.76190476190476186,bench_chair
524,1207162_neurosketch,14,0.69999999999999996,0.76190476190476186,bench_table
525,0110171_neurosketch,15,0.59999999999999998,0.52380952380952384,bed_bench
526,0110172_neurosketch,15,0.75,0.5714285714285714,bed_chair
527,0111171_neurosketch,15,0.80000000000000004,0.42857142857142855,bed_table
528,0112171_neurosketch,15,0.55000000000000004,0.7142857142857143,bench_chair
529,0112172_neurosketch,15,0.45000000000000001,0.42857142857142855,bench_table
530,0112173_neurosketch,15,0.45000000000000001,0.52380952380952384,chair_table
531,0113171_neurosketch,15,0.65000000000000002,0.61904761904761907,bed_chair
532,0115172_neurosketch,15,0.40000000000000002,0.5714285714285714,bed_table
533,0115174_neurosketch,15,0.80000000000000004,0.7142857142857143,bench_chair
534,0117171_neurosketch,15,0.5,0.38095238095238093,bench_table
535,0118171_neurosketch,15,0.55000000000000004,0.52380952380952384,chair_table
536,0118172_neurosketch,15,0.69999999999999996,0.8571428571428571,chair_table
537,0119171_neurosketch,15,0.40000000000000002,0.76190476190476186,bed_bench
538,0119172_neurosketch,15,0.75,0.5714285714285714,bed_chair
539,0119173_neurosketch,15,0.75,0.76190476190476186,bed_table
540,0119174_neurosketch,15,0.69999999999999996,0.5714285714285714,bench_chair
541,0120171_neurosketch,15,0.69999999999999996,0.61904761904761907,bench_table
542,0120172_neurosketch,15,0.84999999999999998,0.90476190476190477,chair_table
543,0120173_neurosketch,15,0.55000000000000004,0.76190476190476186,bed_bench
544,0123171_neurosketch,15,0.75,0.76190476190476186,bed_table
545,0123172_neurosketch,15,0.65000000000000002,0.66666666666666663,bench_chair
546,0123173_neurosketch,15,0.65000000000000002,0.47619047619047616,bench_table
547,0124171_neurosketch,15,0.5,0.5714285714285714,chair_table
548,0125171_neurosketch,15,0.69999999999999996,0.66666666666666663,bench_chair
549,0125172_neurosketch,15,0.55000000000000004,0.5714285714285714,bed_chair
550,1121161_neurosketch,15,0.55000000000000004,0.5714285714285714,bed_table
551,1130161_neurosketch,15,0.80000000000000004,0.66666666666666663,bench_chair
552,1201161_neurosketch,15,0.45000000000000001,0.38095238095238093,bench_table
553,1202161_neurosketch,15,0.75,0.7142857142857143,bed_chair
554,1203161_neurosketch,15,0.65000000000000002,0.8571428571428571,chair_table
555,1206161_neurosketch,15,0.55000000000000004,0.76190476190476186,bed_bench
556,1206162_neurosketch,15,0.84999999999999998,0.61904761904761907,bed_chair
557,1206163_neurosketch,15,0.5,0.38095238095238093,bed_table
558,1207161_neurosketch,15,0.90000000000000002,0.80952380952380953,bench_chair
559,1207162_neurosketch,15,0.69999999999999996,0.76190476190476186,bench_table
560,0110171_neurosketch,16,0.55000000000000004,0.47619047619047616,bed_bench
561,0110172_neurosketch,16,0.80000000000000004,0.52380952380952384,bed_chair
562,0111171_neurosketch,16,0.75,0.52380952380952384,bed_table
563,0112171_neurosketch,16,0.59999999999999998,0.5714285714285714,bench_chair
564,0112172_neurosketch,16,0.45000000000000001,0.52380952380952384,bench_table
565,0112173_neurosketch,16,0.45000000000000001,0.52380952380952384,chair_table
566,0113171_neurosketch,16,0.69999999999999996,0.61904761904761907,bed_chair
567,0115172_neurosketch,16,0.40000000000000002,0.5714285714285714,bed_table
568,0115174_neurosketch,16,0.80000000000000004,0.76190476190476186,bench_chair
569,0117171_neurosketch,16,0.45000000000000001,0.42857142857142855,bench_table
570,0118171_neurosketch,16,0.65000000000000002,0.61904761904761907,chair_table
571,0118172_neurosketch,16,0.65000000000000002,0.90476190476190477,chair_table
572,0119171_neurosketch,16,0.34999999999999998,0.7142857142857143,bed_bench
573,0119172_neurosketch,16,0.69999999999999996,0.61904761904761907,bed_chair
574,0119173_neurosketch,16,0.75,0.7142857142857143,bed_table
575,0119174_neurosketch,16,0.69999999999999996,0.61904761904761907,bench_chair
576,0120171_neurosketch,16,0.69999999999999996,0.52380952380952384,bench_table
577,0120172_neurosketch,16,0.84999999999999998,0.90476190476190477,chair_table
578,0120173_neurosketch,16,0.59999999999999998,0.7142857142857143,bed_bench
579,0123171_neurosketch,16,0.75,0.76190476190476186,bed_table
580,0123172_neurosketch,16,0.65000000000000002,0.66666666666666663,bench_chair
581,0123173_neurosketch,16,0.59999999999999998,0.52380952380952384,bench_table
582,0124171_neurosketch,16,0.55000000000000004,0.52380952380952384,chair_table
583,0125171_neurosketch,16,0.65000000000000002,0.66666666666666663,bench_chair
584,0125172_neurosketch,16,0.55000000000000004,0.52380952380952384,bed_chair
585,1121161_neurosketch,16,0.59999999999999998,0.5714285714285714,bed_table
586,1130161_neurosketch,16,0.69999999999999996,0.66666666666666663,bench_chair
587,1201161_neurosketch,16,0.55000000000000004,0.38095238095238093,bench_table
588,1202161_neurosketch,16,0.69999999999999996,0.80952380952380953,bed_chair
589,1203161_neurosketch,16,0.65000000000000002,0.80952380952380953,chair_table
590,1206161_neurosketch,16,0.45000000000000001,0.7142857142857143,bed_bench
591,1206162_neurosketch,16,0.80000000000000004,0.61904761904761907,bed_chair
592,1206163_neurosketch,16,0.5,0.42857142857142855,bed_table
593,1207161_neurosketch,16,0.80000000000000004,0.80952380952380953,bench_chair
594,1207162_neurosketch,16,0.75,0.76190476190476186,bench_table
595,0110171_neurosketch,17,0.65000000000000002,0.47619047619047616,bed_bench
596,0110172_neurosketch,17,0.80000000000000004,0.42857142857142855,bed_chair
597,0111171_neurosketch,17,0.75,0.42857142857142855,bed_table
598,0112171_neurosketch,17,0.75,0.66666666666666663,bench_chair
599,0112172_neurosketch,17,0.45000000000000001,0.52380952380952384,bench_table
600,0112173_neurosketch,17,0.45000000000000001,0.61904761904761907,chair_table
601,0113171_neurosketch,17,0.75,0.66666666666666663,bed_chair
602,0115172_neurosketch,17,0.45000000000000001,0.61904761904761907,bed_table
603,0115174_neurosketch,17,0.80000000000000004,0.80952380952380953,bench_chair
604,0117171_neurosketch,17,0.5,0.52380952380952384,bench_table
605,0118171_neurosketch,17,0.69999999999999996,0.5714285714285714,chair_table
606,0118172_neurosketch,17,0.69999999999999996,0.90476190476190477,chair_table
607,0119171_neurosketch,17,0.40000000000000002,0.7142857142857143,bed_bench
608,0119172_neurosketch,17,0.59999999999999998,0.5714285714285714,bed_chair
609,0119173_neurosketch,17,0.69999999999999996,0.80952380952380953,bed_table
610,0119174_neurosketch,17,0.69999999999999996,0.61904761904761907,bench_chair
611,0120171_neurosketch,17,0.75,0.5714285714285714,bench_table
612,0120172_neurosketch,17,0.84999999999999998,0.95238095238095233,chair_table
613,0120173_neurosketch,17,0.55000000000000004,0.7142857142857143,bed_bench
614,0123171_neurosketch,17,0.84999999999999998,0.76190476190476186,bed_table
615,0123172_neurosketch,17,0.65000000000000002,0.76190476190476186,bench_chair
616,0123173_neurosketch,17,0.69999999999999996,0.5714285714285714,bench_table
617,0124171_neurosketch,17,0.65000000000000002,0.52380952380952384,chair_table
618,0125171_neurosketch,17,0.65000000000000002,0.7142857142857143,bench_chair
619,0125172_neurosketch,17,0.55000000000000004,0.52380952380952384,bed_chair
620,1121161_neurosketch,17,0.55000000000000004,0.61904761904761907,bed_table
621,1130161_neurosketch,17,0.65000000000000002,0.66666666666666663,bench_chair
622,1201161_neurosketch,17,0.5,0.33333333333333331,bench_table
623,1202161_neurosketch,17,0.65000000000000002,0.7142857142857143,bed_chair
624,1203161_neurosketch,17,0.65000000000000002,0.8571428571428571,chair_table
625,1206161_neurosketch,17,0.40000000000000002,0.7142857142857143,bed_bench
626,1206162_neurosketch,17,0.80000000000000004,0.52380952380952384,bed_chair
627,1206163_neurosketch,17,0.55000000000000004,0.47619047619047616,bed_table
628,1207161_neurosketch,17,0.75,0.76190476190476186,bench_chair
629,1207162_neurosketch,17,0.59999999999999998,0.76190476190476186,bench_table
630,0110171_neurosketch,18,0.59999999999999998,0.42857142857142855,bed_bench
631,0110172_neurosketch,18,0.69999999999999996,0.52380952380952384,bed_chair
632,0111171_neurosketch,18,0.75,0.61904761904761907,bed_table
633,0112171_neurosketch,18,0.75,0.76190476190476186,bench_chair
634,0112172_neurosketch,18,0.45000000000000001,0.47619047619047616,bench_table
635,0112173_neurosketch,18,0.40000000000000002,0.66666666666666663,chair_table
636,0113171_neurosketch,18,0.69999999999999996,0.61904761904761907,bed_chair
637,0115172_neurosketch,18,0.5,0.66666666666666663,bed_table
638,0115174_neurosketch,18,0.80000000000000004,0.76190476190476186,bench_chair
639,0117171_neurosketch,18,0.55000000000000004,0.66666666666666663,bench_table
640,0118171_neurosketch,18,0.69999999999999996,0.66666666666666663,chair_table
641,0118172_neurosketch,18,0.69999999999999996,0.90476190476190477,chair_table
642,0119171_neurosketch,18,0.29999999999999999,0.66666666666666663,bed_bench
643,0119172_neurosketch,18,0.65000000000000002,0.5714285714285714,bed_chair
644,0119173_neurosketch,18,0.69999999999999996,0.80952380952380953,bed_table
645,0119174_neurosketch,18,0.65000000000000002,0.66666666666666663,bench_chair
646,0120171_neurosketch,18,0.75,0.5714285714285714,bench_table
647,0120172_neurosketch,18,0.84999999999999998,0.95238095238095233,chair_table
648,0120173_neurosketch,18,0.5,0.66666666666666663,bed_bench
649,0123171_neurosketch,18,0.80000000000000004,0.76190476190476186,bed_table
650,0123172_neurosketch,18,0.69999999999999996,0.61904761904761907,bench_chair
651,0123173_neurosketch,18,0.69999999999999996,0.5714285714285714,bench_table
652,0124171_neurosketch,18,0.65000000000000002,0.5714285714285714,chair_table
653,0125171_neurosketch,18,0.65000000000000002,0.76190476190476186,bench_chair
654,0125172_neurosketch,18,0.59999999999999998,0.52380952380952384,bed_chair
655,1121161_neurosketch,18,0.59999999999999998,0.52380952380952384,bed_table
656,1130161_neurosketch,18,0.59999999999999998,0.66666666666666663,bench_chair
657,1201161_neurosketch,18,0.55000000000000004,0.33333333333333331,bench_table
658,1202161_neurosketch,18,0.5,0.7142857142857143,bed_chair
659,1203161_neurosketch,18,0.69999999999999996,0.80952380952380953,chair_table
660,1206161_neurosketch,18,0.45000000000000001,0.7142857142857143,bed_bench
661,1206162_neurosketch,18,0.84999999999999998,0.61904761904761907,bed_chair
662,1206163_neurosketch,18,0.59999999999999998,0.38095238095238093,bed_table
663,1207161_neurosketch,18,0.80000000000000004,0.7142857142857143,bench_chair
664,1207162_neurosketch,18,0.69999999999999996,0.76190476190476186,bench_table
665,0110171_neurosketch,19,0.59999999999999998,0.42857142857142855,bed_bench
666,0110172_neurosketch,19,0.59999999999999998,0.47619047619047616,bed_chair
667,0111171_neurosketch,19,0.75,0.5714285714285714,bed_table
668,0112171_neurosketch,19,0.75,0.7142857142857143,bench_chair
669,0112172_neurosketch,19,0.45000000000000001,0.47619047619047616,bench_table
670,0112173_neurosketch,19,0.34999999999999998,0.66666666666666663,chair_table
671,0113171_neurosketch,19,0.69999999999999996,0.66666666666666663,bed_chair
672,0115172_neurosketch,19,0.5,0.7142857142857143,bed_table
673,0115174_neurosketch,19,0.80000000000000004,0.76190476190476186,bench_chair
674,0117171_neurosketch,19,0.55000000000000004,0.7142857142857143,bench_table
675,0118171_neurosketch,19,0.75,0.5714285714285714,chair_table
676,0118172_neurosketch,19,0.69999999999999996,0.8571428571428571,chair_table
677,0119171_neurosketch,19,0.25,0.66666666666666663,bed_bench
678,0119172_neurosketch,19,0.59999999999999998,0.61904761904761907,bed_chair
679,0119173_neurosketch,19,0.75,0.80952380952380953,bed_table
680,0119174_neurosketch,19,0.59999999999999998,0.61904761904761907,bench_chair
681,0120171_neurosketch,19,0.75,0.5714285714285714,bench_table
682,0120172_neurosketch,19,0.84999999999999998,0.95238095238095233,chair_table
683,0120173_neurosketch,19,0.55000000000000004,0.66666666666666663,bed_bench
684,0123171_neurosketch,19,0.84999999999999998,0.76190476190476186,bed_table
685,0123172_neurosketch,19,0.65000000000000002,0.5714285714285714,bench_chair
686,0123173_neurosketch,19,0.65000000000000002,0.61904761904761907,bench_table
687,0124171_neurosketch,19,0.69999999999999996,0.66666666666666663,chair_table
688,0125171_neurosketch,19,0.65000000000000002,0.66666666666666663,bench_chair
689,0125172_neurosketch,19,0.55000000000000004,0.52380952380952384,bed_chair
690,1121161_neurosketch,19,0.55000000000000004,0.5714285714285714,bed_table
691,1130161_neurosketch,19,0.69999999999999996,0.66666666666666663,bench_chair
692,1201161_neurosketch,19,0.5,0.38095238095238093,bench_table
693,1202161_neurosketch,19,0.5,0.61904761904761907,bed_chair
694,1203161_neurosketch,19,0.65000000000000002,0.90476190476190477,chair_table
695,1206161_neurosketch,19,0.40000000000000002,0.7142857142857143,bed_bench
696,1206162_neurosketch,19,0.84999999999999998,0.61904761904761907,bed_chair
697,1206163_neurosketch,19,0.59999999999999998,0.47619047619047616,bed_table
698,1207161_neurosketch,19,0.80000000000000004,0.7142857142857143,bench_chair
699,1207162_neurosketch,19,0.65000000000000002,0.80952380952380953,bench_table
700,0110171_neurosketch,20,0.59999999999999998,0.42857142857142855,bed_bench
701,0110172_neurosketch,20,0.69999999999999996,0.47619047619047616,bed_chair
702,0111171_neurosketch,20,0.80000000000000004,0.66666666666666663,bed_table
703,0112171_neurosketch,20,0.75,0.8571428571428571,bench_chair
704,0112172_neurosketch,20,0.45000000000000001,0.5714285714285714,bench_table
705,0112173_neurosketch,20,0.29999999999999999,0.76190476190476186,chair_table
706,0113171_neurosketch,20,0.75,0.7142857142857143,bed_chair
707,0115172_neurosketch,20,0.5,0.7142857142857143,bed_table
708,0115174_neurosketch,20,0.80000000000000004,0.76190476190476186,bench_chair
709,0117171_neurosketch,20,0.65000000000000002,0.8571428571428571,bench_table
710,0118171_neurosketch,20,0.75,0.52380952380952384,chair_table
711,0118172_neurosketch,20,0.80000000000000004,0.95238095238095233,chair_table
712,0119171_neurosketch,20,0.29999999999999999,0.7142857142857143,bed_bench
713,0119172_neurosketch,20,0.69999999999999996,0.61904761904761907,bed_chair
714,0119173_neurosketch,20,0.75,0.80952380952380953,bed_table
715,0119174_neurosketch,20,0.59999999999999998,0.61904761904761907,bench_chair
716,0120171_neurosketch,20,0.75,0.5714285714285714,bench_table
717,0120172_neurosketch,20,0.90000000000000002,0.95238095238095233,chair_table
718,0120173_neurosketch,20,0.59999999999999998,0.76190476190476186,bed_bench
719,0123171_neurosketch,20,0.80000000000000004,0.80952380952380953,bed_table
720,0123172_neurosketch,20,0.69999999999999996,0.61904761904761907,bench_chair
721,0123173_neurosketch,20,0.65000000000000002,0.66666666666666663,bench_table
722,0124171_neurosketch,20,0.75,0.66666666666666663,chair_table
723,0125171_neurosketch,20,0.75,0.7142857142857143,bench_chair
724,0125172_neurosketch,20,0.59999999999999998,0.52380952380952384,bed_chair
725,1121161_neurosketch,20,0.55000000000000004,0.61904761904761907,bed_table
726,1130161_neurosketch,20,0.69999999999999996,0.66666666666666663,bench_chair
727,1201161_neurosketch,20,0.59999999999999998,0.42857142857142855,bench_table
728,1202161_neurosketch,20,0.45000000000000001,0.7142857142857143,bed_chair
729,1203161_neurosketch,20,0.69999999999999996,0.95238095238095233,chair_table
730,1206161_neurosketch,20,0.45000000000000001,0.76190476190476186,bed_bench
731,1206162_neurosketch,20,0.80000000000000004,0.5714285714285714,bed_chair
732,1206163_neurosketch,20,0.59999999999999998,0.47619047619047616,bed_table
733,1207161_neurosketch,20,0.80000000000000004,0.7142857142857143,bench_chair
734,1207162_neurosketch,20,0.69999999999999996,0.80952380952380953,bench_table
735,0110171_neurosketch,21,0.55000000000000004,0.42857142857142855,bed_bench
736,0110172_neurosketch,21,0.59999999999999998,0.42857142857142855,bed_chair
737,0111171_neurosketch,21,0.80000000000000004,0.66666666666666663,bed_table
738,0112171_neurosketch,21,0.75,0.7142857142857143,bench_chair
739,0112172_neurosketch,21,0.5,0.42857142857142855,bench_table
740,0112173_neurosketch,21,0.29999999999999999,0.76190476190476186,chair_table
741,0113171_neurosketch,21,0.75,0.7142857142857143,bed_chair
742,0115172_neurosketch,21,0.45000000000000001,0.66666666666666663,bed_table
743,0115174_neurosketch,21,0.80000000000000004,0.76190476190476186,bench_chair
744,0117171_neurosketch,21,0.65000000000000002,0.76190476190476186,bench_table
745,0118171_neurosketch,21,0.75,0.42857142857142855,chair_table
746,0118172_neurosketch,21,0.75,1.0,chair_table
747,0119171_neurosketch,21,0.29999999999999999,0.61904761904761907,bed_bench
748,0119172_neurosketch,21,0.65000000000000002,0.5714285714285714,bed_chair
749,0119173_neurosketch,21,0.65000000000000002,0.80952380952380953,bed_table
750,0119174_neurosketch,21,0.59999999999999998,0.5714285714285714,bench_chair
751,0120171_neurosketch,21,0.75,0.5714285714285714,bench_table
752,0120172_neurosketch,21,0.80000000000000004,0.95238095238095233,chair_table
753,0120173_neurosketch,21,0.59999999999999998,0.76190476190476186,bed_bench
754,0123171_neurosketch,21,0.90000000000000002,0.90476190476190477,bed_table
755,0123172_neurosketch,21,0.80000000000000004,0.7142857142857143,bench_chair
756,0123173_neurosketch,21,0.65000000000000002,0.61904761904761907,bench_table
757,0124171_neurosketch,21,0.75,0.61904761904761907,chair_table
758,0125171_neurosketch,21,0.65000000000000002,0.76190476190476186,bench_chair
759,0125172_neurosketch,21,0.59999999999999998,0.61904761904761907,bed_chair
760,1121161_neurosketch,21,0.59999999999999998,0.7142857142857143,bed_table
761,1130161_neurosketch,21,0.69999999999999996,0.76190476190476186,bench_chair
762,1201161_neurosketch,21,0.5,0.42857142857142855,bench_table
763,1202161_neurosketch,21,0.5,0.61904761904761907,bed_chair
764,1203161_neurosketch,21,0.65000000000000002,0.90476190476190477,chair_table
765,1206161_neurosketch,21,0.5,0.76190476190476186,bed_bench
766,1206162_neurosketch,21,0.90000000000000002,0.61904761904761907,bed_chair
767,1206163_neurosketch,21,0.65000000000000002,0.61904761904761907,bed_table
768,1207161_neurosketch,21,0.80000000000000004,0.7142857142857143,bench_chair
769,1207162_neurosketch,21,0.65000000000000002,0.80952380952380953,bench_table
770,0110171_neurosketch,22,0.5,0.47619047619047616,bed_bench
771,0110172_neurosketch,22,0.55000000000000004,0.5714285714285714,bed_chair
772,0111171_neurosketch,22,0.90000000000000002,0.7142857142857143,bed_table
773,0112171_neurosketch,22,0.65000000000000002,0.66666666666666663,bench_chair
774,0112172_neurosketch,22,0.5,0.47619047619047616,bench_table
775,0112173_neurosketch,22,0.40000000000000002,0.66666666666666663,chair_table
776,0113171_neurosketch,22,0.75,0.80952380952380953,bed_chair
777,0115172_neurosketch,22,0.45000000000000001,0.66666666666666663,bed_table
778,0115174_neurosketch,22,0.75,0.76190476190476186,bench_chair
779,0117171_neurosketch,22,0.69999999999999996,0.8571428571428571,bench_table
780,0118171_neurosketch,22,0.69999999999999996,0.5714285714285714,chair_table
781,0118172_neurosketch,22,0.69999999999999996,1.0,chair_table
782,0119171_neurosketch,22,0.40000000000000002,0.5714285714285714,bed_bench
783,0119172_neurosketch,22,0.59999999999999998,0.61904761904761907,bed_chair
784,0119173_neurosketch,22,0.69999999999999996,0.76190476190476186,bed_table
785,0119174_neurosketch,22,0.59999999999999998,0.5714285714285714,bench_chair
786,0120171_neurosketch,22,0.75,0.5714285714285714,bench_table
787,0120172_neurosketch,22,0.84999999999999998,0.90476190476190477,chair_table
788,0120173_neurosketch,22,0.69999999999999996,0.7142857142857143,bed_bench
789,0123171_neurosketch,22,0.84999999999999998,0.80952380952380953,bed_table
790,0123172_neurosketch,22,0.69999999999999996,0.76190476190476186,bench_chair
791,0123173_neurosketch,22,0.65000000000000002,0.61904761904761907,bench_table
792,0124171_neurosketch,22,0.80000000000000004,0.66666666666666663,chair_table
793,0125171_neurosketch,22,0.65000000000000002,0.76190476190476186,bench_chair
794,0125172_neurosketch,22,0.55000000000000004,0.5714285714285714,bed_chair
795,1121161_neurosketch,22,0.75,0.7142857142857143,bed_table
796,1130161_neurosketch,22,0.65000000000000002,0.7142857142857143,bench_chair
797,1201161_neurosketch,22,0.5,0.42857142857142855,bench_table
798,1202161_neurosketch,22,0.59999999999999998,0.7142857142857143,bed_chair
799,1203161_neurosketch,22,0.65000000000000002,0.90476190476190477,chair_table
800,1206161_neurosketch,22,0.45000000000000001,0.7142857142857143,bed_bench
801,1206162_neurosketch,22,0.84999999999999998,0.5714285714285714,bed_chair
802,1206163_neurosketch,22,0.69999999999999996,0.61904761904761907,bed_table
803,1207161_neurosketch,22,0.75,0.7142857142857143,bench_chair
804,1207162_neurosketch,22,0.65000000000000002,0.80952380952380953,bench_table
