,wID,versionNum,category,object,trial,TRnum,condition,onset_time,run_num,viewpoint,onset
0,0120173_neurosketch,18,2,bed,320,0,-1,0,5,26,0
1,0120173_neurosketch,18,2,bed,320,1,-1,0,5,26,0
2,0120173_neurosketch,18,2,bed,320,2,-1,0,5,26,0
3,0120173_neurosketch,18,2,bed,320,3,-1,0,5,26,0
4,0120173_neurosketch,18,2,bed,320,4,-1,0,5,26,0
5,0120173_neurosketch,18,2,bed,320,5,-1,0,5,26,0
6,0120173_neurosketch,18,2,bed,320,6,-1,0,5,26,0
7,0120173_neurosketch,18,2,bed,320,7,-1,0,5,26,0
8,0120173_neurosketch,18,2,bed,320,8,0,12001.944999999832,5,26,1
9,0120173_neurosketch,18,2,bed,320,9,0,12001.944999999832,5,26,0
10,0120173_neurosketch,18,2,bed,320,10,0,12001.944999999832,5,26,0
11,0120173_neurosketch,18,2,bed,320,11,0,12001.944999999832,5,26,0
12,0120173_neurosketch,18,2,bed,320,12,0,12001.944999999832,5,26,0
13,0120173_neurosketch,18,2,bed,320,13,0,12001.944999999832,5,26,0
14,0120173_neurosketch,18,2,bed,320,14,0,12001.944999999832,5,26,0
15,0120173_neurosketch,18,2,bed,320,15,0,12001.944999999832,5,26,0
16,0120173_neurosketch,18,2,bed,320,16,0,12001.944999999832,5,26,0
17,0120173_neurosketch,18,2,bed,320,17,0,12001.944999999832,5,26,0
18,0120173_neurosketch,18,2,bed,320,18,0,12001.944999999832,5,26,0
19,0120173_neurosketch,18,2,bed,320,19,0,12001.944999999832,5,26,0
20,0120173_neurosketch,18,2,bed,320,20,0,12001.944999999832,5,26,0
21,0120173_neurosketch,18,2,bed,320,21,0,12001.944999999832,5,26,0
22,0120173_neurosketch,18,2,bed,320,22,0,12001.944999999832,5,26,0
23,0120173_neurosketch,18,2,bed,320,23,0,12001.944999999832,5,26,0
24,0120173_neurosketch,18,2,bed,320,24,0,12001.944999999832,5,26,0
25,0120173_neurosketch,18,2,bed,320,25,0,12001.944999999832,5,26,0
26,0120173_neurosketch,18,2,bed,320,26,0,12001.944999999832,5,26,0
27,0120173_neurosketch,18,2,bed,320,27,0,12001.944999999832,5,26,0
28,0120173_neurosketch,18,2,bed,320,28,0,12001.944999999832,5,26,0
29,0120173_neurosketch,18,2,bed,320,29,0,12001.944999999832,5,26,0
30,0120173_neurosketch,18,2,bed,320,30,0,12001.944999999832,5,26,0
31,0120173_neurosketch,18,2,bed,320,31,0,12001.944999999832,5,26,0
32,0120173_neurosketch,18,2,bed,320,32,0,12001.944999999832,5,26,0
33,0120173_neurosketch,18,2,bed,320,33,0,12001.944999999832,5,26,0
34,0120173_neurosketch,18,2,bed,320,34,0,12001.944999999832,5,26,0
35,0120173_neurosketch,18,2,bed,320,35,0,12001.944999999832,5,26,0
36,0120173_neurosketch,18,2,bed,320,36,0,12001.944999999832,5,26,0
37,0120173_neurosketch,18,2,bed,320,37,0,12001.944999999832,5,26,0
38,0120173_neurosketch,18,2,bench,321,38,0,57510.310000000056,5,26,1
39,0120173_neurosketch,18,2,bench,321,39,0,57510.310000000056,5,26,0
40,0120173_neurosketch,18,2,bench,321,40,0,57510.310000000056,5,26,0
41,0120173_neurosketch,18,2,bench,321,41,0,57510.310000000056,5,26,0
42,0120173_neurosketch,18,2,bench,321,42,0,57510.310000000056,5,26,0
43,0120173_neurosketch,18,2,bench,321,43,0,57510.310000000056,5,26,0
44,0120173_neurosketch,18,2,bench,321,44,0,57510.310000000056,5,26,0
45,0120173_neurosketch,18,2,bench,321,45,0,57510.310000000056,5,26,0
46,0120173_neurosketch,18,2,bench,321,46,0,57510.310000000056,5,26,0
47,0120173_neurosketch,18,2,bench,321,47,0,57510.310000000056,5,26,0
48,0120173_neurosketch,18,2,bench,321,48,0,57510.310000000056,5,26,0
49,0120173_neurosketch,18,2,bench,321,49,0,57510.310000000056,5,26,0
50,0120173_neurosketch,18,2,bench,321,50,0,57510.310000000056,5,26,0
51,0120173_neurosketch,18,2,bench,321,51,0,57510.310000000056,5,26,0
52,0120173_neurosketch,18,2,bench,321,52,0,57510.310000000056,5,26,0
53,0120173_neurosketch,18,2,bench,321,53,0,57510.310000000056,5,26,0
54,0120173_neurosketch,18,2,bench,321,54,0,57510.310000000056,5,26,0
55,0120173_neurosketch,18,2,bench,321,55,0,57510.310000000056,5,26,0
56,0120173_neurosketch,18,2,bench,321,56,0,57510.310000000056,5,26,0
57,0120173_neurosketch,18,2,bench,321,57,0,57510.310000000056,5,26,0
58,0120173_neurosketch,18,2,bench,321,58,0,57510.310000000056,5,26,0
59,0120173_neurosketch,18,2,bench,321,59,0,57510.310000000056,5,26,0
60,0120173_neurosketch,18,2,bench,321,60,0,57510.310000000056,5,26,0
61,0120173_neurosketch,18,2,bench,321,61,0,57510.310000000056,5,26,0
62,0120173_neurosketch,18,2,bench,321,62,0,57510.310000000056,5,26,0
63,0120173_neurosketch,18,2,bench,321,63,0,57510.310000000056,5,26,0
64,0120173_neurosketch,18,2,bench,321,64,0,57510.310000000056,5,26,0
65,0120173_neurosketch,18,2,bench,321,65,0,57510.310000000056,5,26,0
66,0120173_neurosketch,18,2,bench,321,66,0,57510.310000000056,5,26,0
67,0120173_neurosketch,18,2,bench,321,67,0,57510.310000000056,5,26,0
68,0120173_neurosketch,18,2,bed,322,68,0,102511.93999999994,5,16,1
69,0120173_neurosketch,18,2,bed,322,69,0,102511.93999999994,5,16,0
70,0120173_neurosketch,18,2,bed,322,70,0,102511.93999999994,5,16,0
71,0120173_neurosketch,18,2,bed,322,71,0,102511.93999999994,5,16,0
72,0120173_neurosketch,18,2,bed,322,72,0,102511.93999999994,5,16,0
73,0120173_neurosketch,18,2,bed,322,73,0,102511.93999999994,5,16,0
74,0120173_neurosketch,18,2,bed,322,74,0,102511.93999999994,5,16,0
75,0120173_neurosketch,18,2,bed,322,75,0,102511.93999999994,5,16,0
76,0120173_neurosketch,18,2,bed,322,76,0,102511.93999999994,5,16,0
77,0120173_neurosketch,18,2,bed,322,77,0,102511.93999999994,5,16,0
78,0120173_neurosketch,18,2,bed,322,78,0,102511.93999999994,5,16,0
79,0120173_neurosketch,18,2,bed,322,79,0,102511.93999999994,5,16,0
80,0120173_neurosketch,18,2,bed,322,80,0,102511.93999999994,5,16,0
81,0120173_neurosketch,18,2,bed,322,81,0,102511.93999999994,5,16,0
82,0120173_neurosketch,18,2,bed,322,82,0,102511.93999999994,5,16,0
83,0120173_neurosketch,18,2,bed,322,83,0,102511.93999999994,5,16,0
84,0120173_neurosketch,18,2,bed,322,84,0,102511.93999999994,5,16,0
85,0120173_neurosketch,18,2,bed,322,85,0,102511.93999999994,5,16,0
86,0120173_neurosketch,18,2,bed,322,86,0,102511.93999999994,5,16,0
87,0120173_neurosketch,18,2,bed,322,87,0,102511.93999999994,5,16,0
88,0120173_neurosketch,18,2,bed,322,88,0,102511.93999999994,5,16,0
89,0120173_neurosketch,18,2,bed,322,89,0,102511.93999999994,5,16,0
90,0120173_neurosketch,18,2,bed,322,90,0,102511.93999999994,5,16,0
91,0120173_neurosketch,18,2,bed,322,91,0,102511.93999999994,5,16,0
92,0120173_neurosketch,18,2,bed,322,92,0,102511.93999999994,5,16,0
93,0120173_neurosketch,18,2,bed,322,93,0,102511.93999999994,5,16,0
94,0120173_neurosketch,18,2,bed,322,94,0,102511.93999999994,5,16,0
95,0120173_neurosketch,18,2,bed,322,95,0,102511.93999999994,5,16,0
96,0120173_neurosketch,18,2,bed,322,96,0,102511.93999999994,5,16,0
97,0120173_neurosketch,18,2,bed,322,97,0,102511.93999999994,5,16,0
98,0120173_neurosketch,18,2,bench,323,98,0,147509.5249999999,5,16,1
99,0120173_neurosketch,18,2,bench,323,99,0,147509.5249999999,5,16,0
100,0120173_neurosketch,18,2,bench,323,100,0,147509.5249999999,5,16,0
101,0120173_neurosketch,18,2,bench,323,101,0,147509.5249999999,5,16,0
102,0120173_neurosketch,18,2,bench,323,102,0,147509.5249999999,5,16,0
103,0120173_neurosketch,18,2,bench,323,103,0,147509.5249999999,5,16,0
104,0120173_neurosketch,18,2,bench,323,104,0,147509.5249999999,5,16,0
105,0120173_neurosketch,18,2,bench,323,105,0,147509.5249999999,5,16,0
106,0120173_neurosketch,18,2,bench,323,106,0,147509.5249999999,5,16,0
107,0120173_neurosketch,18,2,bench,323,107,0,147509.5249999999,5,16,0
108,0120173_neurosketch,18,2,bench,323,108,0,147509.5249999999,5,16,0
109,0120173_neurosketch,18,2,bench,323,109,0,147509.5249999999,5,16,0
110,0120173_neurosketch,18,2,bench,323,110,0,147509.5249999999,5,16,0
111,0120173_neurosketch,18,2,bench,323,111,0,147509.5249999999,5,16,0
112,0120173_neurosketch,18,2,bench,323,112,0,147509.5249999999,5,16,0
113,0120173_neurosketch,18,2,bench,323,113,0,147509.5249999999,5,16,0
114,0120173_neurosketch,18,2,bench,323,114,0,147509.5249999999,5,16,0
115,0120173_neurosketch,18,2,bench,323,115,0,147509.5249999999,5,16,0
116,0120173_neurosketch,18,2,bench,323,116,0,147509.5249999999,5,16,0
117,0120173_neurosketch,18,2,bench,323,117,0,147509.5249999999,5,16,0
118,0120173_neurosketch,18,2,bench,323,118,0,147509.5249999999,5,16,0
119,0120173_neurosketch,18,2,bench,323,119,0,147509.5249999999,5,16,0
120,0120173_neurosketch,18,2,bench,323,120,0,147509.5249999999,5,16,0
121,0120173_neurosketch,18,2,bench,323,121,0,147509.5249999999,5,16,0
122,0120173_neurosketch,18,2,bench,323,122,0,147509.5249999999,5,16,0
123,0120173_neurosketch,18,2,bench,323,123,0,147509.5249999999,5,16,0
124,0120173_neurosketch,18,2,bench,323,124,0,147509.5249999999,5,16,0
125,0120173_neurosketch,18,2,bench,323,125,0,147509.5249999999,5,16,0
126,0120173_neurosketch,18,2,bench,323,126,0,147509.5249999999,5,16,0
127,0120173_neurosketch,18,2,bench,323,127,0,147509.5249999999,5,16,0
128,0120173_neurosketch,18,2,bed,324,128,0,192497.5049999999,5,34,1
129,0120173_neurosketch,18,2,bed,324,129,0,192497.5049999999,5,34,0
130,0120173_neurosketch,18,2,bed,324,130,0,192497.5049999999,5,34,0
131,0120173_neurosketch,18,2,bed,324,131,0,192497.5049999999,5,34,0
132,0120173_neurosketch,18,2,bed,324,132,0,192497.5049999999,5,34,0
133,0120173_neurosketch,18,2,bed,324,133,0,192497.5049999999,5,34,0
134,0120173_neurosketch,18,2,bed,324,134,0,192497.5049999999,5,34,0
135,0120173_neurosketch,18,2,bed,324,135,0,192497.5049999999,5,34,0
136,0120173_neurosketch,18,2,bed,324,136,0,192497.5049999999,5,34,0
137,0120173_neurosketch,18,2,bed,324,137,0,192497.5049999999,5,34,0
138,0120173_neurosketch,18,2,bed,324,138,0,192497.5049999999,5,34,0
139,0120173_neurosketch,18,2,bed,324,139,0,192497.5049999999,5,34,0
140,0120173_neurosketch,18,2,bed,324,140,0,192497.5049999999,5,34,0
141,0120173_neurosketch,18,2,bed,324,141,0,192497.5049999999,5,34,0
142,0120173_neurosketch,18,2,bed,324,142,0,192497.5049999999,5,34,0
143,0120173_neurosketch,18,2,bed,324,143,0,192497.5049999999,5,34,0
144,0120173_neurosketch,18,2,bed,324,144,0,192497.5049999999,5,34,0
145,0120173_neurosketch,18,2,bed,324,145,0,192497.5049999999,5,34,0
146,0120173_neurosketch,18,2,bed,324,146,0,192497.5049999999,5,34,0
147,0120173_neurosketch,18,2,bed,324,147,0,192497.5049999999,5,34,0
148,0120173_neurosketch,18,2,bed,324,148,0,192497.5049999999,5,34,0
149,0120173_neurosketch,18,2,bed,324,149,0,192497.5049999999,5,34,0
150,0120173_neurosketch,18,2,bed,324,150,0,192497.5049999999,5,34,0
151,0120173_neurosketch,18,2,bed,324,151,0,192497.5049999999,5,34,0
152,0120173_neurosketch,18,2,bed,324,152,0,192497.5049999999,5,34,0
153,0120173_neurosketch,18,2,bed,324,153,0,192497.5049999999,5,34,0
154,0120173_neurosketch,18,2,bed,324,154,0,192497.5049999999,5,34,0
155,0120173_neurosketch,18,2,bed,324,155,0,192497.5049999999,5,34,0
156,0120173_neurosketch,18,2,bed,324,156,0,192497.5049999999,5,34,0
157,0120173_neurosketch,18,2,bed,324,157,0,192497.5049999999,5,34,0
158,0120173_neurosketch,18,2,bench,325,158,0,237496.8999999999,5,34,1
159,0120173_neurosketch,18,2,bench,325,159,0,237496.8999999999,5,34,0
160,0120173_neurosketch,18,2,bench,325,160,0,237496.8999999999,5,34,0
161,0120173_neurosketch,18,2,bench,325,161,0,237496.8999999999,5,34,0
162,0120173_neurosketch,18,2,bench,325,162,0,237496.8999999999,5,34,0
163,0120173_neurosketch,18,2,bench,325,163,0,237496.8999999999,5,34,0
164,0120173_neurosketch,18,2,bench,325,164,0,237496.8999999999,5,34,0
165,0120173_neurosketch,18,2,bench,325,165,0,237496.8999999999,5,34,0
166,0120173_neurosketch,18,2,bench,325,166,0,237496.8999999999,5,34,0
167,0120173_neurosketch,18,2,bench,325,167,0,237496.8999999999,5,34,0
168,0120173_neurosketch,18,2,bench,325,168,0,237496.8999999999,5,34,0
169,0120173_neurosketch,18,2,bench,325,169,0,237496.8999999999,5,34,0
170,0120173_neurosketch,18,2,bench,325,170,0,237496.8999999999,5,34,0
171,0120173_neurosketch,18,2,bench,325,171,0,237496.8999999999,5,34,0
172,0120173_neurosketch,18,2,bench,325,172,0,237496.8999999999,5,34,0
173,0120173_neurosketch,18,2,bench,325,173,0,237496.8999999999,5,34,0
174,0120173_neurosketch,18,2,bench,325,174,0,237496.8999999999,5,34,0
175,0120173_neurosketch,18,2,bench,325,175,0,237496.8999999999,5,34,0
176,0120173_neurosketch,18,2,bench,325,176,0,237496.8999999999,5,34,0
177,0120173_neurosketch,18,2,bench,325,177,0,237496.8999999999,5,34,0
178,0120173_neurosketch,18,2,bench,325,178,0,237496.8999999999,5,34,0
179,0120173_neurosketch,18,2,bench,325,179,0,237496.8999999999,5,34,0
180,0120173_neurosketch,18,2,bench,325,180,0,237496.8999999999,5,34,0
181,0120173_neurosketch,18,2,bench,325,181,0,237496.8999999999,5,34,0
182,0120173_neurosketch,18,2,bench,325,182,0,237496.8999999999,5,34,0
183,0120173_neurosketch,18,2,bench,325,183,0,237496.8999999999,5,34,0
184,0120173_neurosketch,18,2,bench,325,184,0,237496.8999999999,5,34,0
185,0120173_neurosketch,18,2,bench,325,185,0,237496.8999999999,5,34,0
186,0120173_neurosketch,18,2,bench,325,186,0,237496.8999999999,5,34,0
187,0120173_neurosketch,18,2,bench,325,187,0,237496.8999999999,5,34,0
188,0120173_neurosketch,18,2,bed,326,188,0,282511.0449999999,5,38,1
189,0120173_neurosketch,18,2,bed,326,189,0,282511.0449999999,5,38,0
190,0120173_neurosketch,18,2,bed,326,190,0,282511.0449999999,5,38,0
191,0120173_neurosketch,18,2,bed,326,191,0,282511.0449999999,5,38,0
192,0120173_neurosketch,18,2,bed,326,192,0,282511.0449999999,5,38,0
193,0120173_neurosketch,18,2,bed,326,193,0,282511.0449999999,5,38,0
194,0120173_neurosketch,18,2,bed,326,194,0,282511.0449999999,5,38,0
195,0120173_neurosketch,18,2,bed,326,195,0,282511.0449999999,5,38,0
196,0120173_neurosketch,18,2,bed,326,196,0,282511.0449999999,5,38,0
197,0120173_neurosketch,18,2,bed,326,197,0,282511.0449999999,5,38,0
198,0120173_neurosketch,18,2,bed,326,198,0,282511.0449999999,5,38,0
199,0120173_neurosketch,18,2,bed,326,199,0,282511.0449999999,5,38,0
200,0120173_neurosketch,18,2,bed,326,200,0,282511.0449999999,5,38,0
201,0120173_neurosketch,18,2,bed,326,201,0,282511.0449999999,5,38,0
202,0120173_neurosketch,18,2,bed,326,202,0,282511.0449999999,5,38,0
203,0120173_neurosketch,18,2,bed,326,203,0,282511.0449999999,5,38,0
204,0120173_neurosketch,18,2,bed,326,204,0,282511.0449999999,5,38,0
205,0120173_neurosketch,18,2,bed,326,205,0,282511.0449999999,5,38,0
206,0120173_neurosketch,18,2,bed,326,206,0,282511.0449999999,5,38,0
207,0120173_neurosketch,18,2,bed,326,207,0,282511.0449999999,5,38,0
208,0120173_neurosketch,18,2,bed,326,208,0,282511.0449999999,5,38,0
209,0120173_neurosketch,18,2,bed,326,209,0,282511.0449999999,5,38,0
210,0120173_neurosketch,18,2,bed,326,210,0,282511.0449999999,5,38,0
211,0120173_neurosketch,18,2,bed,326,211,0,282511.0449999999,5,38,0
212,0120173_neurosketch,18,2,bed,326,212,0,282511.0449999999,5,38,0
213,0120173_neurosketch,18,2,bed,326,213,0,282511.0449999999,5,38,0
214,0120173_neurosketch,18,2,bed,326,214,0,282511.0449999999,5,38,0
215,0120173_neurosketch,18,2,bed,326,215,0,282511.0449999999,5,38,0
216,0120173_neurosketch,18,2,bed,326,216,0,282511.0449999999,5,38,0
217,0120173_neurosketch,18,2,bed,326,217,0,282511.0449999999,5,38,0
218,0120173_neurosketch,18,2,bench,327,218,0,327496.1349999998,5,38,1
219,0120173_neurosketch,18,2,bench,327,219,0,327496.1349999998,5,38,0
220,0120173_neurosketch,18,2,bench,327,220,0,327496.1349999998,5,38,0
221,0120173_neurosketch,18,2,bench,327,221,0,327496.1349999998,5,38,0
222,0120173_neurosketch,18,2,bench,327,222,0,327496.1349999998,5,38,0
223,0120173_neurosketch,18,2,bench,327,223,0,327496.1349999998,5,38,0
224,0120173_neurosketch,18,2,bench,327,224,0,327496.1349999998,5,38,0
225,0120173_neurosketch,18,2,bench,327,225,0,327496.1349999998,5,38,0
226,0120173_neurosketch,18,2,bench,327,226,0,327496.1349999998,5,38,0
227,0120173_neurosketch,18,2,bench,327,227,0,327496.1349999998,5,38,0
228,0120173_neurosketch,18,2,bench,327,228,0,327496.1349999998,5,38,0
229,0120173_neurosketch,18,2,bench,327,229,0,327496.1349999998,5,38,0
230,0120173_neurosketch,18,2,bench,327,230,0,327496.1349999998,5,38,0
231,0120173_neurosketch,18,2,bench,327,231,0,327496.1349999998,5,38,0
232,0120173_neurosketch,18,2,bench,327,232,0,327496.1349999998,5,38,0
233,0120173_neurosketch,18,2,bench,327,233,0,327496.1349999998,5,38,0
234,0120173_neurosketch,18,2,bench,327,234,0,327496.1349999998,5,38,0
235,0120173_neurosketch,18,2,bench,327,235,0,327496.1349999998,5,38,0
236,0120173_neurosketch,18,2,bench,327,236,0,327496.1349999998,5,38,0
237,0120173_neurosketch,18,2,bench,327,237,0,327496.1349999998,5,38,0
238,0120173_neurosketch,18,2,bench,327,238,0,327496.1349999998,5,38,0
239,0120173_neurosketch,18,2,bench,327,239,0,327496.1349999998,5,38,0
240,0120173_neurosketch,18,2,bench,327,240,0,327496.1349999998,5,38,0
241,0120173_neurosketch,18,2,bench,327,241,0,327496.1349999998,5,38,0
242,0120173_neurosketch,18,2,bench,327,242,0,327496.1349999998,5,38,0
243,0120173_neurosketch,18,2,bench,327,243,0,327496.1349999998,5,38,0
244,0120173_neurosketch,18,2,bench,327,244,0,327496.1349999998,5,38,0
245,0120173_neurosketch,18,2,bench,327,245,0,327496.1349999998,5,38,0
246,0120173_neurosketch,18,2,bench,327,246,0,327496.1349999998,5,38,0
247,0120173_neurosketch,18,2,bench,327,247,0,327496.1349999998,5,38,0
248,0120173_neurosketch,18,2,bed,328,248,0,372498.98999999976,5,18,1
249,0120173_neurosketch,18,2,bed,328,249,0,372498.98999999976,5,18,0
250,0120173_neurosketch,18,2,bed,328,250,0,372498.98999999976,5,18,0
251,0120173_neurosketch,18,2,bed,328,251,0,372498.98999999976,5,18,0
252,0120173_neurosketch,18,2,bed,328,252,0,372498.98999999976,5,18,0
253,0120173_neurosketch,18,2,bed,328,253,0,372498.98999999976,5,18,0
254,0120173_neurosketch,18,2,bed,328,254,0,372498.98999999976,5,18,0
255,0120173_neurosketch,18,2,bed,328,255,0,372498.98999999976,5,18,0
256,0120173_neurosketch,18,2,bed,328,256,0,372498.98999999976,5,18,0
257,0120173_neurosketch,18,2,bed,328,257,0,372498.98999999976,5,18,0
258,0120173_neurosketch,18,2,bed,328,258,0,372498.98999999976,5,18,0
259,0120173_neurosketch,18,2,bed,328,259,0,372498.98999999976,5,18,0
260,0120173_neurosketch,18,2,bed,328,260,0,372498.98999999976,5,18,0
261,0120173_neurosketch,18,2,bed,328,261,0,372498.98999999976,5,18,0
262,0120173_neurosketch,18,2,bed,328,262,0,372498.98999999976,5,18,0
263,0120173_neurosketch,18,2,bed,328,263,0,372498.98999999976,5,18,0
264,0120173_neurosketch,18,2,bed,328,264,0,372498.98999999976,5,18,0
265,0120173_neurosketch,18,2,bed,328,265,0,372498.98999999976,5,18,0
266,0120173_neurosketch,18,2,bed,328,266,0,372498.98999999976,5,18,0
267,0120173_neurosketch,18,2,bed,328,267,0,372498.98999999976,5,18,0
268,0120173_neurosketch,18,2,bed,328,268,0,372498.98999999976,5,18,0
269,0120173_neurosketch,18,2,bed,328,269,0,372498.98999999976,5,18,0
270,0120173_neurosketch,18,2,bed,328,270,0,372498.98999999976,5,18,0
271,0120173_neurosketch,18,2,bed,328,271,0,372498.98999999976,5,18,0
272,0120173_neurosketch,18,2,bed,328,272,0,372498.98999999976,5,18,0
273,0120173_neurosketch,18,2,bed,328,273,0,372498.98999999976,5,18,0
274,0120173_neurosketch,18,2,bed,328,274,0,372498.98999999976,5,18,0
275,0120173_neurosketch,18,2,bed,328,275,0,372498.98999999976,5,18,0
276,0120173_neurosketch,18,2,bed,328,276,0,372498.98999999976,5,18,0
277,0120173_neurosketch,18,2,bed,328,277,0,372498.98999999976,5,18,0
278,0120173_neurosketch,18,2,bench,329,278,0,417496.1749999998,5,18,1
279,0120173_neurosketch,18,2,bench,329,279,0,417496.1749999998,5,18,0
280,0120173_neurosketch,18,2,bench,329,280,0,417496.1749999998,5,18,0
281,0120173_neurosketch,18,2,bench,329,281,0,417496.1749999998,5,18,0
282,0120173_neurosketch,18,2,bench,329,282,0,417496.1749999998,5,18,0
283,0120173_neurosketch,18,2,bench,329,283,0,417496.1749999998,5,18,0
284,0120173_neurosketch,18,2,bench,329,284,0,417496.1749999998,5,18,0
285,0120173_neurosketch,18,2,bench,329,285,0,417496.1749999998,5,18,0
286,0120173_neurosketch,18,2,bench,329,286,0,417496.1749999998,5,18,0
287,0120173_neurosketch,18,2,bench,329,287,0,417496.1749999998,5,18,0
288,0120173_neurosketch,18,2,bench,329,288,0,417496.1749999998,5,18,0
289,0120173_neurosketch,18,2,bench,329,289,0,417496.1749999998,5,18,0
290,0120173_neurosketch,18,2,bench,329,290,0,417496.1749999998,5,18,0
291,0120173_neurosketch,18,2,bench,329,291,0,417496.1749999998,5,18,0
292,0120173_neurosketch,18,2,bench,329,292,0,417496.1749999998,5,18,0
293,0120173_neurosketch,18,2,bench,329,293,0,417496.1749999998,5,18,0
294,0120173_neurosketch,18,2,bench,329,294,0,417496.1749999998,5,18,0
295,0120173_neurosketch,18,2,bench,329,295,0,417496.1749999998,5,18,0
296,0120173_neurosketch,18,2,bench,329,296,0,417496.1749999998,5,18,0
297,0120173_neurosketch,18,2,bench,329,297,0,417496.1749999998,5,18,0
298,0120173_neurosketch,18,2,bench,329,298,0,417496.1749999998,5,18,0
299,0120173_neurosketch,18,2,bench,329,299,0,417496.1749999998,5,18,0
300,0120173_neurosketch,18,2,bench,329,300,0,417496.1749999998,5,18,0
301,0120173_neurosketch,18,2,bench,329,301,0,417496.1749999998,5,18,0
302,0120173_neurosketch,18,2,bench,329,302,0,417496.1749999998,5,18,0
303,0120173_neurosketch,18,2,bench,329,303,0,417496.1749999998,5,18,0
304,0120173_neurosketch,18,2,bench,329,304,0,417496.1749999998,5,18,0
305,0120173_neurosketch,18,2,bench,329,305,0,417496.1749999998,5,18,0
306,0120173_neurosketch,18,2,bench,329,306,0,417496.1749999998,5,18,0
307,0120173_neurosketch,18,2,bench,329,307,0,417496.1749999998,5,18,0
308,0120173_neurosketch,18,2,bed,330,0,-1,0,5,6,0
309,0120173_neurosketch,18,2,bed,330,1,-1,0,5,6,0
310,0120173_neurosketch,18,2,bed,330,2,-1,0,5,6,0
311,0120173_neurosketch,18,2,bed,330,3,-1,0,5,6,0
312,0120173_neurosketch,18,2,bed,330,4,-1,0,5,6,0
313,0120173_neurosketch,18,2,bed,330,5,-1,0,5,6,0
314,0120173_neurosketch,18,2,bed,330,6,-1,0,5,6,0
315,0120173_neurosketch,18,2,bed,330,7,-1,0,5,6,0
316,0120173_neurosketch,18,2,bed,330,8,0,12494.875,5,6,1
317,0120173_neurosketch,18,2,bed,330,9,0,12494.875,5,6,0
318,0120173_neurosketch,18,2,bed,330,10,0,12494.875,5,6,0
319,0120173_neurosketch,18,2,bed,330,11,0,12494.875,5,6,0
320,0120173_neurosketch,18,2,bed,330,12,0,12494.875,5,6,0
321,0120173_neurosketch,18,2,bed,330,13,0,12494.875,5,6,0
322,0120173_neurosketch,18,2,bed,330,14,0,12494.875,5,6,0
323,0120173_neurosketch,18,2,bed,330,15,0,12494.875,5,6,0
324,0120173_neurosketch,18,2,bed,330,16,0,12494.875,5,6,0
325,0120173_neurosketch,18,2,bed,330,17,0,12494.875,5,6,0
326,0120173_neurosketch,18,2,bed,330,18,0,12494.875,5,6,0
327,0120173_neurosketch,18,2,bed,330,19,0,12494.875,5,6,0
328,0120173_neurosketch,18,2,bed,330,20,0,12494.875,5,6,0
329,0120173_neurosketch,18,2,bed,330,21,0,12494.875,5,6,0
330,0120173_neurosketch,18,2,bed,330,22,0,12494.875,5,6,0
331,0120173_neurosketch,18,2,bed,330,23,0,12494.875,5,6,0
332,0120173_neurosketch,18,2,bed,330,24,0,12494.875,5,6,0
333,0120173_neurosketch,18,2,bed,330,25,0,12494.875,5,6,0
334,0120173_neurosketch,18,2,bed,330,26,0,12494.875,5,6,0
335,0120173_neurosketch,18,2,bed,330,27,0,12494.875,5,6,0
336,0120173_neurosketch,18,2,bed,330,28,0,12494.875,5,6,0
337,0120173_neurosketch,18,2,bed,330,29,0,12494.875,5,6,0
338,0120173_neurosketch,18,2,bed,330,30,0,12494.875,5,6,0
339,0120173_neurosketch,18,2,bed,330,31,0,12494.875,5,6,0
340,0120173_neurosketch,18,2,bed,330,32,0,12494.875,5,6,0
341,0120173_neurosketch,18,2,bed,330,33,0,12494.875,5,6,0
342,0120173_neurosketch,18,2,bed,330,34,0,12494.875,5,6,0
343,0120173_neurosketch,18,2,bed,330,35,0,12494.875,5,6,0
344,0120173_neurosketch,18,2,bed,330,36,0,12494.875,5,6,0
345,0120173_neurosketch,18,2,bed,330,37,0,12494.875,5,6,0
346,0120173_neurosketch,18,2,bench,331,38,0,57510.84000000032,6,6,1
347,0120173_neurosketch,18,2,bench,331,39,0,57510.84000000032,6,6,0
348,0120173_neurosketch,18,2,bench,331,40,0,57510.84000000032,6,6,0
349,0120173_neurosketch,18,2,bench,331,41,0,57510.84000000032,6,6,0
350,0120173_neurosketch,18,2,bench,331,42,0,57510.84000000032,6,6,0
351,0120173_neurosketch,18,2,bench,331,43,0,57510.84000000032,6,6,0
352,0120173_neurosketch,18,2,bench,331,44,0,57510.84000000032,6,6,0
353,0120173_neurosketch,18,2,bench,331,45,0,57510.84000000032,6,6,0
354,0120173_neurosketch,18,2,bench,331,46,0,57510.84000000032,6,6,0
355,0120173_neurosketch,18,2,bench,331,47,0,57510.84000000032,6,6,0
356,0120173_neurosketch,18,2,bench,331,48,0,57510.84000000032,6,6,0
357,0120173_neurosketch,18,2,bench,331,49,0,57510.84000000032,6,6,0
358,0120173_neurosketch,18,2,bench,331,50,0,57510.84000000032,6,6,0
359,0120173_neurosketch,18,2,bench,331,51,0,57510.84000000032,6,6,0
360,0120173_neurosketch,18,2,bench,331,52,0,57510.84000000032,6,6,0
361,0120173_neurosketch,18,2,bench,331,53,0,57510.84000000032,6,6,0
362,0120173_neurosketch,18,2,bench,331,54,0,57510.84000000032,6,6,0
363,0120173_neurosketch,18,2,bench,331,55,0,57510.84000000032,6,6,0
364,0120173_neurosketch,18,2,bench,331,56,0,57510.84000000032,6,6,0
365,0120173_neurosketch,18,2,bench,331,57,0,57510.84000000032,6,6,0
366,0120173_neurosketch,18,2,bench,331,58,0,57510.84000000032,6,6,0
367,0120173_neurosketch,18,2,bench,331,59,0,57510.84000000032,6,6,0
368,0120173_neurosketch,18,2,bench,331,60,0,57510.84000000032,6,6,0
369,0120173_neurosketch,18,2,bench,331,61,0,57510.84000000032,6,6,0
370,0120173_neurosketch,18,2,bench,331,62,0,57510.84000000032,6,6,0
371,0120173_neurosketch,18,2,bench,331,63,0,57510.84000000032,6,6,0
372,0120173_neurosketch,18,2,bench,331,64,0,57510.84000000032,6,6,0
373,0120173_neurosketch,18,2,bench,331,65,0,57510.84000000032,6,6,0
374,0120173_neurosketch,18,2,bench,331,66,0,57510.84000000032,6,6,0
375,0120173_neurosketch,18,2,bench,331,67,0,57510.84000000032,6,6,0
376,0120173_neurosketch,18,2,bed,332,68,0,102511.76500000013,6,4,1
377,0120173_neurosketch,18,2,bed,332,69,0,102511.76500000013,6,4,0
378,0120173_neurosketch,18,2,bed,332,70,0,102511.76500000013,6,4,0
379,0120173_neurosketch,18,2,bed,332,71,0,102511.76500000013,6,4,0
380,0120173_neurosketch,18,2,bed,332,72,0,102511.76500000013,6,4,0
381,0120173_neurosketch,18,2,bed,332,73,0,102511.76500000013,6,4,0
382,0120173_neurosketch,18,2,bed,332,74,0,102511.76500000013,6,4,0
383,0120173_neurosketch,18,2,bed,332,75,0,102511.76500000013,6,4,0
384,0120173_neurosketch,18,2,bed,332,76,0,102511.76500000013,6,4,0
385,0120173_neurosketch,18,2,bed,332,77,0,102511.76500000013,6,4,0
386,0120173_neurosketch,18,2,bed,332,78,0,102511.76500000013,6,4,0
387,0120173_neurosketch,18,2,bed,332,79,0,102511.76500000013,6,4,0
388,0120173_neurosketch,18,2,bed,332,80,0,102511.76500000013,6,4,0
389,0120173_neurosketch,18,2,bed,332,81,0,102511.76500000013,6,4,0
390,0120173_neurosketch,18,2,bed,332,82,0,102511.76500000013,6,4,0
391,0120173_neurosketch,18,2,bed,332,83,0,102511.76500000013,6,4,0
392,0120173_neurosketch,18,2,bed,332,84,0,102511.76500000013,6,4,0
393,0120173_neurosketch,18,2,bed,332,85,0,102511.76500000013,6,4,0
394,0120173_neurosketch,18,2,bed,332,86,0,102511.76500000013,6,4,0
395,0120173_neurosketch,18,2,bed,332,87,0,102511.76500000013,6,4,0
396,0120173_neurosketch,18,2,bed,332,88,0,102511.76500000013,6,4,0
397,0120173_neurosketch,18,2,bed,332,89,0,102511.76500000013,6,4,0
398,0120173_neurosketch,18,2,bed,332,90,0,102511.76500000013,6,4,0
399,0120173_neurosketch,18,2,bed,332,91,0,102511.76500000013,6,4,0
400,0120173_neurosketch,18,2,bed,332,92,0,102511.76500000013,6,4,0
401,0120173_neurosketch,18,2,bed,332,93,0,102511.76500000013,6,4,0
402,0120173_neurosketch,18,2,bed,332,94,0,102511.76500000013,6,4,0
403,0120173_neurosketch,18,2,bed,332,95,0,102511.76500000013,6,4,0
404,0120173_neurosketch,18,2,bed,332,96,0,102511.76500000013,6,4,0
405,0120173_neurosketch,18,2,bed,332,97,0,102511.76500000013,6,4,0
406,0120173_neurosketch,18,2,bench,333,98,0,147497.43000000017,6,4,1
407,0120173_neurosketch,18,2,bench,333,99,0,147497.43000000017,6,4,0
408,0120173_neurosketch,18,2,bench,333,100,0,147497.43000000017,6,4,0
409,0120173_neurosketch,18,2,bench,333,101,0,147497.43000000017,6,4,0
410,0120173_neurosketch,18,2,bench,333,102,0,147497.43000000017,6,4,0
411,0120173_neurosketch,18,2,bench,333,103,0,147497.43000000017,6,4,0
412,0120173_neurosketch,18,2,bench,333,104,0,147497.43000000017,6,4,0
413,0120173_neurosketch,18,2,bench,333,105,0,147497.43000000017,6,4,0
414,0120173_neurosketch,18,2,bench,333,106,0,147497.43000000017,6,4,0
415,0120173_neurosketch,18,2,bench,333,107,0,147497.43000000017,6,4,0
416,0120173_neurosketch,18,2,bench,333,108,0,147497.43000000017,6,4,0
417,0120173_neurosketch,18,2,bench,333,109,0,147497.43000000017,6,4,0
418,0120173_neurosketch,18,2,bench,333,110,0,147497.43000000017,6,4,0
419,0120173_neurosketch,18,2,bench,333,111,0,147497.43000000017,6,4,0
420,0120173_neurosketch,18,2,bench,333,112,0,147497.43000000017,6,4,0
421,0120173_neurosketch,18,2,bench,333,113,0,147497.43000000017,6,4,0
422,0120173_neurosketch,18,2,bench,333,114,0,147497.43000000017,6,4,0
423,0120173_neurosketch,18,2,bench,333,115,0,147497.43000000017,6,4,0
424,0120173_neurosketch,18,2,bench,333,116,0,147497.43000000017,6,4,0
425,0120173_neurosketch,18,2,bench,333,117,0,147497.43000000017,6,4,0
426,0120173_neurosketch,18,2,bench,333,118,0,147497.43000000017,6,4,0
427,0120173_neurosketch,18,2,bench,333,119,0,147497.43000000017,6,4,0
428,0120173_neurosketch,18,2,bench,333,120,0,147497.43000000017,6,4,0
429,0120173_neurosketch,18,2,bench,333,121,0,147497.43000000017,6,4,0
430,0120173_neurosketch,18,2,bench,333,122,0,147497.43000000017,6,4,0
431,0120173_neurosketch,18,2,bench,333,123,0,147497.43000000017,6,4,0
432,0120173_neurosketch,18,2,bench,333,124,0,147497.43000000017,6,4,0
433,0120173_neurosketch,18,2,bench,333,125,0,147497.43000000017,6,4,0
434,0120173_neurosketch,18,2,bench,333,126,0,147497.43000000017,6,4,0
435,0120173_neurosketch,18,2,bench,333,127,0,147497.43000000017,6,4,0
436,0120173_neurosketch,18,2,bed,334,128,0,192498.26000000024,6,10,1
437,0120173_neurosketch,18,2,bed,334,129,0,192498.26000000024,6,10,0
438,0120173_neurosketch,18,2,bed,334,130,0,192498.26000000024,6,10,0
439,0120173_neurosketch,18,2,bed,334,131,0,192498.26000000024,6,10,0
440,0120173_neurosketch,18,2,bed,334,132,0,192498.26000000024,6,10,0
441,0120173_neurosketch,18,2,bed,334,133,0,192498.26000000024,6,10,0
442,0120173_neurosketch,18,2,bed,334,134,0,192498.26000000024,6,10,0
443,0120173_neurosketch,18,2,bed,334,135,0,192498.26000000024,6,10,0
444,0120173_neurosketch,18,2,bed,334,136,0,192498.26000000024,6,10,0
445,0120173_neurosketch,18,2,bed,334,137,0,192498.26000000024,6,10,0
446,0120173_neurosketch,18,2,bed,334,138,0,192498.26000000024,6,10,0
447,0120173_neurosketch,18,2,bed,334,139,0,192498.26000000024,6,10,0
448,0120173_neurosketch,18,2,bed,334,140,0,192498.26000000024,6,10,0
449,0120173_neurosketch,18,2,bed,334,141,0,192498.26000000024,6,10,0
450,0120173_neurosketch,18,2,bed,334,142,0,192498.26000000024,6,10,0
451,0120173_neurosketch,18,2,bed,334,143,0,192498.26000000024,6,10,0
452,0120173_neurosketch,18,2,bed,334,144,0,192498.26000000024,6,10,0
453,0120173_neurosketch,18,2,bed,334,145,0,192498.26000000024,6,10,0
454,0120173_neurosketch,18,2,bed,334,146,0,192498.26000000024,6,10,0
455,0120173_neurosketch,18,2,bed,334,147,0,192498.26000000024,6,10,0
456,0120173_neurosketch,18,2,bed,334,148,0,192498.26000000024,6,10,0
457,0120173_neurosketch,18,2,bed,334,149,0,192498.26000000024,6,10,0
458,0120173_neurosketch,18,2,bed,334,150,0,192498.26000000024,6,10,0
459,0120173_neurosketch,18,2,bed,334,151,0,192498.26000000024,6,10,0
460,0120173_neurosketch,18,2,bed,334,152,0,192498.26000000024,6,10,0
461,0120173_neurosketch,18,2,bed,334,153,0,192498.26000000024,6,10,0
462,0120173_neurosketch,18,2,bed,334,154,0,192498.26000000024,6,10,0
463,0120173_neurosketch,18,2,bed,334,155,0,192498.26000000024,6,10,0
464,0120173_neurosketch,18,2,bed,334,156,0,192498.26000000024,6,10,0
465,0120173_neurosketch,18,2,bed,334,157,0,192498.26000000024,6,10,0
466,0120173_neurosketch,18,2,bench,335,158,0,237498.21500000032,6,10,1
467,0120173_neurosketch,18,2,bench,335,159,0,237498.21500000032,6,10,0
468,0120173_neurosketch,18,2,bench,335,160,0,237498.21500000032,6,10,0
469,0120173_neurosketch,18,2,bench,335,161,0,237498.21500000032,6,10,0
470,0120173_neurosketch,18,2,bench,335,162,0,237498.21500000032,6,10,0
471,0120173_neurosketch,18,2,bench,335,163,0,237498.21500000032,6,10,0
472,0120173_neurosketch,18,2,bench,335,164,0,237498.21500000032,6,10,0
473,0120173_neurosketch,18,2,bench,335,165,0,237498.21500000032,6,10,0
474,0120173_neurosketch,18,2,bench,335,166,0,237498.21500000032,6,10,0
475,0120173_neurosketch,18,2,bench,335,167,0,237498.21500000032,6,10,0
476,0120173_neurosketch,18,2,bench,335,168,0,237498.21500000032,6,10,0
477,0120173_neurosketch,18,2,bench,335,169,0,237498.21500000032,6,10,0
478,0120173_neurosketch,18,2,bench,335,170,0,237498.21500000032,6,10,0
479,0120173_neurosketch,18,2,bench,335,171,0,237498.21500000032,6,10,0
480,0120173_neurosketch,18,2,bench,335,172,0,237498.21500000032,6,10,0
481,0120173_neurosketch,18,2,bench,335,173,0,237498.21500000032,6,10,0
482,0120173_neurosketch,18,2,bench,335,174,0,237498.21500000032,6,10,0
483,0120173_neurosketch,18,2,bench,335,175,0,237498.21500000032,6,10,0
484,0120173_neurosketch,18,2,bench,335,176,0,237498.21500000032,6,10,0
485,0120173_neurosketch,18,2,bench,335,177,0,237498.21500000032,6,10,0
486,0120173_neurosketch,18,2,bench,335,178,0,237498.21500000032,6,10,0
487,0120173_neurosketch,18,2,bench,335,179,0,237498.21500000032,6,10,0
488,0120173_neurosketch,18,2,bench,335,180,0,237498.21500000032,6,10,0
489,0120173_neurosketch,18,2,bench,335,181,0,237498.21500000032,6,10,0
490,0120173_neurosketch,18,2,bench,335,182,0,237498.21500000032,6,10,0
491,0120173_neurosketch,18,2,bench,335,183,0,237498.21500000032,6,10,0
492,0120173_neurosketch,18,2,bench,335,184,0,237498.21500000032,6,10,0
493,0120173_neurosketch,18,2,bench,335,185,0,237498.21500000032,6,10,0
494,0120173_neurosketch,18,2,bench,335,186,0,237498.21500000032,6,10,0
495,0120173_neurosketch,18,2,bench,335,187,0,237498.21500000032,6,10,0
496,0120173_neurosketch,18,2,bed,336,188,0,282499.1499999999,6,22,1
497,0120173_neurosketch,18,2,bed,336,189,0,282499.1499999999,6,22,0
498,0120173_neurosketch,18,2,bed,336,190,0,282499.1499999999,6,22,0
499,0120173_neurosketch,18,2,bed,336,191,0,282499.1499999999,6,22,0
500,0120173_neurosketch,18,2,bed,336,192,0,282499.1499999999,6,22,0
501,0120173_neurosketch,18,2,bed,336,193,0,282499.1499999999,6,22,0
502,0120173_neurosketch,18,2,bed,336,194,0,282499.1499999999,6,22,0
503,0120173_neurosketch,18,2,bed,336,195,0,282499.1499999999,6,22,0
504,0120173_neurosketch,18,2,bed,336,196,0,282499.1499999999,6,22,0
505,0120173_neurosketch,18,2,bed,336,197,0,282499.1499999999,6,22,0
506,0120173_neurosketch,18,2,bed,336,198,0,282499.1499999999,6,22,0
507,0120173_neurosketch,18,2,bed,336,199,0,282499.1499999999,6,22,0
508,0120173_neurosketch,18,2,bed,336,200,0,282499.1499999999,6,22,0
509,0120173_neurosketch,18,2,bed,336,201,0,282499.1499999999,6,22,0
510,0120173_neurosketch,18,2,bed,336,202,0,282499.1499999999,6,22,0
511,0120173_neurosketch,18,2,bed,336,203,0,282499.1499999999,6,22,0
512,0120173_neurosketch,18,2,bed,336,204,0,282499.1499999999,6,22,0
513,0120173_neurosketch,18,2,bed,336,205,0,282499.1499999999,6,22,0
514,0120173_neurosketch,18,2,bed,336,206,0,282499.1499999999,6,22,0
515,0120173_neurosketch,18,2,bed,336,207,0,282499.1499999999,6,22,0
516,0120173_neurosketch,18,2,bed,336,208,0,282499.1499999999,6,22,0
517,0120173_neurosketch,18,2,bed,336,209,0,282499.1499999999,6,22,0
518,0120173_neurosketch,18,2,bed,336,210,0,282499.1499999999,6,22,0
519,0120173_neurosketch,18,2,bed,336,211,0,282499.1499999999,6,22,0
520,0120173_neurosketch,18,2,bed,336,212,0,282499.1499999999,6,22,0
521,0120173_neurosketch,18,2,bed,336,213,0,282499.1499999999,6,22,0
522,0120173_neurosketch,18,2,bed,336,214,0,282499.1499999999,6,22,0
523,0120173_neurosketch,18,2,bed,336,215,0,282499.1499999999,6,22,0
524,0120173_neurosketch,18,2,bed,336,216,0,282499.1499999999,6,22,0
525,0120173_neurosketch,18,2,bed,336,217,0,282499.1499999999,6,22,0
526,0120173_neurosketch,18,2,bench,337,218,0,327497.98500000034,6,22,1
527,0120173_neurosketch,18,2,bench,337,219,0,327497.98500000034,6,22,0
528,0120173_neurosketch,18,2,bench,337,220,0,327497.98500000034,6,22,0
529,0120173_neurosketch,18,2,bench,337,221,0,327497.98500000034,6,22,0
530,0120173_neurosketch,18,2,bench,337,222,0,327497.98500000034,6,22,0
531,0120173_neurosketch,18,2,bench,337,223,0,327497.98500000034,6,22,0
532,0120173_neurosketch,18,2,bench,337,224,0,327497.98500000034,6,22,0
533,0120173_neurosketch,18,2,bench,337,225,0,327497.98500000034,6,22,0
534,0120173_neurosketch,18,2,bench,337,226,0,327497.98500000034,6,22,0
535,0120173_neurosketch,18,2,bench,337,227,0,327497.98500000034,6,22,0
536,0120173_neurosketch,18,2,bench,337,228,0,327497.98500000034,6,22,0
537,0120173_neurosketch,18,2,bench,337,229,0,327497.98500000034,6,22,0
538,0120173_neurosketch,18,2,bench,337,230,0,327497.98500000034,6,22,0
539,0120173_neurosketch,18,2,bench,337,231,0,327497.98500000034,6,22,0
540,0120173_neurosketch,18,2,bench,337,232,0,327497.98500000034,6,22,0
541,0120173_neurosketch,18,2,bench,337,233,0,327497.98500000034,6,22,0
542,0120173_neurosketch,18,2,bench,337,234,0,327497.98500000034,6,22,0
543,0120173_neurosketch,18,2,bench,337,235,0,327497.98500000034,6,22,0
544,0120173_neurosketch,18,2,bench,337,236,0,327497.98500000034,6,22,0
545,0120173_neurosketch,18,2,bench,337,237,0,327497.98500000034,6,22,0
546,0120173_neurosketch,18,2,bench,337,238,0,327497.98500000034,6,22,0
547,0120173_neurosketch,18,2,bench,337,239,0,327497.98500000034,6,22,0
548,0120173_neurosketch,18,2,bench,337,240,0,327497.98500000034,6,22,0
549,0120173_neurosketch,18,2,bench,337,241,0,327497.98500000034,6,22,0
550,0120173_neurosketch,18,2,bench,337,242,0,327497.98500000034,6,22,0
551,0120173_neurosketch,18,2,bench,337,243,0,327497.98500000034,6,22,0
552,0120173_neurosketch,18,2,bench,337,244,0,327497.98500000034,6,22,0
553,0120173_neurosketch,18,2,bench,337,245,0,327497.98500000034,6,22,0
554,0120173_neurosketch,18,2,bench,337,246,0,327497.98500000034,6,22,0
555,0120173_neurosketch,18,2,bench,337,247,0,327497.98500000034,6,22,0
556,0120173_neurosketch,18,2,bed,338,248,0,372511.75,6,0,1
557,0120173_neurosketch,18,2,bed,338,249,0,372511.75,6,0,0
558,0120173_neurosketch,18,2,bed,338,250,0,372511.75,6,0,0
559,0120173_neurosketch,18,2,bed,338,251,0,372511.75,6,0,0
560,0120173_neurosketch,18,2,bed,338,252,0,372511.75,6,0,0
561,0120173_neurosketch,18,2,bed,338,253,0,372511.75,6,0,0
562,0120173_neurosketch,18,2,bed,338,254,0,372511.75,6,0,0
563,0120173_neurosketch,18,2,bed,338,255,0,372511.75,6,0,0
564,0120173_neurosketch,18,2,bed,338,256,0,372511.75,6,0,0
565,0120173_neurosketch,18,2,bed,338,257,0,372511.75,6,0,0
566,0120173_neurosketch,18,2,bed,338,258,0,372511.75,6,0,0
567,0120173_neurosketch,18,2,bed,338,259,0,372511.75,6,0,0
568,0120173_neurosketch,18,2,bed,338,260,0,372511.75,6,0,0
569,0120173_neurosketch,18,2,bed,338,261,0,372511.75,6,0,0
570,0120173_neurosketch,18,2,bed,338,262,0,372511.75,6,0,0
571,0120173_neurosketch,18,2,bed,338,263,0,372511.75,6,0,0
572,0120173_neurosketch,18,2,bed,338,264,0,372511.75,6,0,0
573,0120173_neurosketch,18,2,bed,338,265,0,372511.75,6,0,0
574,0120173_neurosketch,18,2,bed,338,266,0,372511.75,6,0,0
575,0120173_neurosketch,18,2,bed,338,267,0,372511.75,6,0,0
576,0120173_neurosketch,18,2,bed,338,268,0,372511.75,6,0,0
577,0120173_neurosketch,18,2,bed,338,269,0,372511.75,6,0,0
578,0120173_neurosketch,18,2,bed,338,270,0,372511.75,6,0,0
579,0120173_neurosketch,18,2,bed,338,271,0,372511.75,6,0,0
580,0120173_neurosketch,18,2,bed,338,272,0,372511.75,6,0,0
581,0120173_neurosketch,18,2,bed,338,273,0,372511.75,6,0,0
582,0120173_neurosketch,18,2,bed,338,274,0,372511.75,6,0,0
583,0120173_neurosketch,18,2,bed,338,275,0,372511.75,6,0,0
584,0120173_neurosketch,18,2,bed,338,276,0,372511.75,6,0,0
585,0120173_neurosketch,18,2,bed,338,277,0,372511.75,6,0,0
586,0120173_neurosketch,18,2,bench,339,278,0,417497.68500000006,6,0,1
587,0120173_neurosketch,18,2,bench,339,279,0,417497.68500000006,6,0,0
588,0120173_neurosketch,18,2,bench,339,280,0,417497.68500000006,6,0,0
589,0120173_neurosketch,18,2,bench,339,281,0,417497.68500000006,6,0,0
590,0120173_neurosketch,18,2,bench,339,282,0,417497.68500000006,6,0,0
591,0120173_neurosketch,18,2,bench,339,283,0,417497.68500000006,6,0,0
592,0120173_neurosketch,18,2,bench,339,284,0,417497.68500000006,6,0,0
593,0120173_neurosketch,18,2,bench,339,285,0,417497.68500000006,6,0,0
594,0120173_neurosketch,18,2,bench,339,286,0,417497.68500000006,6,0,0
595,0120173_neurosketch,18,2,bench,339,287,0,417497.68500000006,6,0,0
596,0120173_neurosketch,18,2,bench,339,288,0,417497.68500000006,6,0,0
597,0120173_neurosketch,18,2,bench,339,289,0,417497.68500000006,6,0,0
598,0120173_neurosketch,18,2,bench,339,290,0,417497.68500000006,6,0,0
599,0120173_neurosketch,18,2,bench,339,291,0,417497.68500000006,6,0,0
600,0120173_neurosketch,18,2,bench,339,292,0,417497.68500000006,6,0,0
601,0120173_neurosketch,18,2,bench,339,293,0,417497.68500000006,6,0,0
602,0120173_neurosketch,18,2,bench,339,294,0,417497.68500000006,6,0,0
603,0120173_neurosketch,18,2,bench,339,295,0,417497.68500000006,6,0,0
604,0120173_neurosketch,18,2,bench,339,296,0,417497.68500000006,6,0,0
605,0120173_neurosketch,18,2,bench,339,297,0,417497.68500000006,6,0,0
606,0120173_neurosketch,18,2,bench,339,298,0,417497.68500000006,6,0,0
607,0120173_neurosketch,18,2,bench,339,299,0,417497.68500000006,6,0,0
608,0120173_neurosketch,18,2,bench,339,300,0,417497.68500000006,6,0,0
609,0120173_neurosketch,18,2,bench,339,301,0,417497.68500000006,6,0,0
610,0120173_neurosketch,18,2,bench,339,302,0,417497.68500000006,6,0,0
611,0120173_neurosketch,18,2,bench,339,303,0,417497.68500000006,6,0,0
612,0120173_neurosketch,18,2,bench,339,304,0,417497.68500000006,6,0,0
613,0120173_neurosketch,18,2,bench,339,305,0,417497.68500000006,6,0,0
614,0120173_neurosketch,18,2,bench,339,306,0,417497.68500000006,6,0,0
615,0120173_neurosketch,18,2,bench,339,307,0,417497.68500000006,6,0,0
616,0120173_neurosketch,18,2,bed,340,0,-1,0,6,8,0
617,0120173_neurosketch,18,2,bed,340,1,-1,0,6,8,0
618,0120173_neurosketch,18,2,bed,340,2,-1,0,6,8,0
619,0120173_neurosketch,18,2,bed,340,3,-1,0,6,8,0
620,0120173_neurosketch,18,2,bed,340,4,-1,0,6,8,0
621,0120173_neurosketch,18,2,bed,340,5,-1,0,6,8,0
622,0120173_neurosketch,18,2,bed,340,6,-1,0,6,8,0
623,0120173_neurosketch,18,2,bed,340,7,-1,0,6,8,0
624,0120173_neurosketch,18,2,bed,340,8,0,12491.290000000037,6,8,1
625,0120173_neurosketch,18,2,bed,340,9,0,12491.290000000037,6,8,0
626,0120173_neurosketch,18,2,bed,340,10,0,12491.290000000037,6,8,0
627,0120173_neurosketch,18,2,bed,340,11,0,12491.290000000037,6,8,0
628,0120173_neurosketch,18,2,bed,340,12,0,12491.290000000037,6,8,0
629,0120173_neurosketch,18,2,bed,340,13,0,12491.290000000037,6,8,0
630,0120173_neurosketch,18,2,bed,340,14,0,12491.290000000037,6,8,0
631,0120173_neurosketch,18,2,bed,340,15,0,12491.290000000037,6,8,0
632,0120173_neurosketch,18,2,bed,340,16,0,12491.290000000037,6,8,0
633,0120173_neurosketch,18,2,bed,340,17,0,12491.290000000037,6,8,0
634,0120173_neurosketch,18,2,bed,340,18,0,12491.290000000037,6,8,0
635,0120173_neurosketch,18,2,bed,340,19,0,12491.290000000037,6,8,0
636,0120173_neurosketch,18,2,bed,340,20,0,12491.290000000037,6,8,0
637,0120173_neurosketch,18,2,bed,340,21,0,12491.290000000037,6,8,0
638,0120173_neurosketch,18,2,bed,340,22,0,12491.290000000037,6,8,0
639,0120173_neurosketch,18,2,bed,340,23,0,12491.290000000037,6,8,0
640,0120173_neurosketch,18,2,bed,340,24,0,12491.290000000037,6,8,0
641,0120173_neurosketch,18,2,bed,340,25,0,12491.290000000037,6,8,0
642,0120173_neurosketch,18,2,bed,340,26,0,12491.290000000037,6,8,0
643,0120173_neurosketch,18,2,bed,340,27,0,12491.290000000037,6,8,0
644,0120173_neurosketch,18,2,bed,340,28,0,12491.290000000037,6,8,0
645,0120173_neurosketch,18,2,bed,340,29,0,12491.290000000037,6,8,0
646,0120173_neurosketch,18,2,bed,340,30,0,12491.290000000037,6,8,0
647,0120173_neurosketch,18,2,bed,340,31,0,12491.290000000037,6,8,0
648,0120173_neurosketch,18,2,bed,340,32,0,12491.290000000037,6,8,0
649,0120173_neurosketch,18,2,bed,340,33,0,12491.290000000037,6,8,0
650,0120173_neurosketch,18,2,bed,340,34,0,12491.290000000037,6,8,0
651,0120173_neurosketch,18,2,bed,340,35,0,12491.290000000037,6,8,0
652,0120173_neurosketch,18,2,bed,340,36,0,12491.290000000037,6,8,0
653,0120173_neurosketch,18,2,bed,340,37,0,12491.290000000037,6,8,0
654,0120173_neurosketch,18,2,bench,341,38,0,57499.00999999978,7,8,1
655,0120173_neurosketch,18,2,bench,341,39,0,57499.00999999978,7,8,0
656,0120173_neurosketch,18,2,bench,341,40,0,57499.00999999978,7,8,0
657,0120173_neurosketch,18,2,bench,341,41,0,57499.00999999978,7,8,0
658,0120173_neurosketch,18,2,bench,341,42,0,57499.00999999978,7,8,0
659,0120173_neurosketch,18,2,bench,341,43,0,57499.00999999978,7,8,0
660,0120173_neurosketch,18,2,bench,341,44,0,57499.00999999978,7,8,0
661,0120173_neurosketch,18,2,bench,341,45,0,57499.00999999978,7,8,0
662,0120173_neurosketch,18,2,bench,341,46,0,57499.00999999978,7,8,0
663,0120173_neurosketch,18,2,bench,341,47,0,57499.00999999978,7,8,0
664,0120173_neurosketch,18,2,bench,341,48,0,57499.00999999978,7,8,0
665,0120173_neurosketch,18,2,bench,341,49,0,57499.00999999978,7,8,0
666,0120173_neurosketch,18,2,bench,341,50,0,57499.00999999978,7,8,0
667,0120173_neurosketch,18,2,bench,341,51,0,57499.00999999978,7,8,0
668,0120173_neurosketch,18,2,bench,341,52,0,57499.00999999978,7,8,0
669,0120173_neurosketch,18,2,bench,341,53,0,57499.00999999978,7,8,0
670,0120173_neurosketch,18,2,bench,341,54,0,57499.00999999978,7,8,0
671,0120173_neurosketch,18,2,bench,341,55,0,57499.00999999978,7,8,0
672,0120173_neurosketch,18,2,bench,341,56,0,57499.00999999978,7,8,0
673,0120173_neurosketch,18,2,bench,341,57,0,57499.00999999978,7,8,0
674,0120173_neurosketch,18,2,bench,341,58,0,57499.00999999978,7,8,0
675,0120173_neurosketch,18,2,bench,341,59,0,57499.00999999978,7,8,0
676,0120173_neurosketch,18,2,bench,341,60,0,57499.00999999978,7,8,0
677,0120173_neurosketch,18,2,bench,341,61,0,57499.00999999978,7,8,0
678,0120173_neurosketch,18,2,bench,341,62,0,57499.00999999978,7,8,0
679,0120173_neurosketch,18,2,bench,341,63,0,57499.00999999978,7,8,0
680,0120173_neurosketch,18,2,bench,341,64,0,57499.00999999978,7,8,0
681,0120173_neurosketch,18,2,bench,341,65,0,57499.00999999978,7,8,0
682,0120173_neurosketch,18,2,bench,341,66,0,57499.00999999978,7,8,0
683,0120173_neurosketch,18,2,bench,341,67,0,57499.00999999978,7,8,0
684,0120173_neurosketch,18,2,bed,342,68,0,102498.00499999989,7,14,1
685,0120173_neurosketch,18,2,bed,342,69,0,102498.00499999989,7,14,0
686,0120173_neurosketch,18,2,bed,342,70,0,102498.00499999989,7,14,0
687,0120173_neurosketch,18,2,bed,342,71,0,102498.00499999989,7,14,0
688,0120173_neurosketch,18,2,bed,342,72,0,102498.00499999989,7,14,0
689,0120173_neurosketch,18,2,bed,342,73,0,102498.00499999989,7,14,0
690,0120173_neurosketch,18,2,bed,342,74,0,102498.00499999989,7,14,0
691,0120173_neurosketch,18,2,bed,342,75,0,102498.00499999989,7,14,0
692,0120173_neurosketch,18,2,bed,342,76,0,102498.00499999989,7,14,0
693,0120173_neurosketch,18,2,bed,342,77,0,102498.00499999989,7,14,0
694,0120173_neurosketch,18,2,bed,342,78,0,102498.00499999989,7,14,0
695,0120173_neurosketch,18,2,bed,342,79,0,102498.00499999989,7,14,0
696,0120173_neurosketch,18,2,bed,342,80,0,102498.00499999989,7,14,0
697,0120173_neurosketch,18,2,bed,342,81,0,102498.00499999989,7,14,0
698,0120173_neurosketch,18,2,bed,342,82,0,102498.00499999989,7,14,0
699,0120173_neurosketch,18,2,bed,342,83,0,102498.00499999989,7,14,0
700,0120173_neurosketch,18,2,bed,342,84,0,102498.00499999989,7,14,0
701,0120173_neurosketch,18,2,bed,342,85,0,102498.00499999989,7,14,0
702,0120173_neurosketch,18,2,bed,342,86,0,102498.00499999989,7,14,0
703,0120173_neurosketch,18,2,bed,342,87,0,102498.00499999989,7,14,0
704,0120173_neurosketch,18,2,bed,342,88,0,102498.00499999989,7,14,0
705,0120173_neurosketch,18,2,bed,342,89,0,102498.00499999989,7,14,0
706,0120173_neurosketch,18,2,bed,342,90,0,102498.00499999989,7,14,0
707,0120173_neurosketch,18,2,bed,342,91,0,102498.00499999989,7,14,0
708,0120173_neurosketch,18,2,bed,342,92,0,102498.00499999989,7,14,0
709,0120173_neurosketch,18,2,bed,342,93,0,102498.00499999989,7,14,0
710,0120173_neurosketch,18,2,bed,342,94,0,102498.00499999989,7,14,0
711,0120173_neurosketch,18,2,bed,342,95,0,102498.00499999989,7,14,0
712,0120173_neurosketch,18,2,bed,342,96,0,102498.00499999989,7,14,0
713,0120173_neurosketch,18,2,bed,342,97,0,102498.00499999989,7,14,0
714,0120173_neurosketch,18,2,bench,343,98,0,147496.2549999999,7,14,1
715,0120173_neurosketch,18,2,bench,343,99,0,147496.2549999999,7,14,0
716,0120173_neurosketch,18,2,bench,343,100,0,147496.2549999999,7,14,0
717,0120173_neurosketch,18,2,bench,343,101,0,147496.2549999999,7,14,0
718,0120173_neurosketch,18,2,bench,343,102,0,147496.2549999999,7,14,0
719,0120173_neurosketch,18,2,bench,343,103,0,147496.2549999999,7,14,0
720,0120173_neurosketch,18,2,bench,343,104,0,147496.2549999999,7,14,0
721,0120173_neurosketch,18,2,bench,343,105,0,147496.2549999999,7,14,0
722,0120173_neurosketch,18,2,bench,343,106,0,147496.2549999999,7,14,0
723,0120173_neurosketch,18,2,bench,343,107,0,147496.2549999999,7,14,0
724,0120173_neurosketch,18,2,bench,343,108,0,147496.2549999999,7,14,0
725,0120173_neurosketch,18,2,bench,343,109,0,147496.2549999999,7,14,0
726,0120173_neurosketch,18,2,bench,343,110,0,147496.2549999999,7,14,0
727,0120173_neurosketch,18,2,bench,343,111,0,147496.2549999999,7,14,0
728,0120173_neurosketch,18,2,bench,343,112,0,147496.2549999999,7,14,0
729,0120173_neurosketch,18,2,bench,343,113,0,147496.2549999999,7,14,0
730,0120173_neurosketch,18,2,bench,343,114,0,147496.2549999999,7,14,0
731,0120173_neurosketch,18,2,bench,343,115,0,147496.2549999999,7,14,0
732,0120173_neurosketch,18,2,bench,343,116,0,147496.2549999999,7,14,0
733,0120173_neurosketch,18,2,bench,343,117,0,147496.2549999999,7,14,0
734,0120173_neurosketch,18,2,bench,343,118,0,147496.2549999999,7,14,0
735,0120173_neurosketch,18,2,bench,343,119,0,147496.2549999999,7,14,0
736,0120173_neurosketch,18,2,bench,343,120,0,147496.2549999999,7,14,0
737,0120173_neurosketch,18,2,bench,343,121,0,147496.2549999999,7,14,0
738,0120173_neurosketch,18,2,bench,343,122,0,147496.2549999999,7,14,0
739,0120173_neurosketch,18,2,bench,343,123,0,147496.2549999999,7,14,0
740,0120173_neurosketch,18,2,bench,343,124,0,147496.2549999999,7,14,0
741,0120173_neurosketch,18,2,bench,343,125,0,147496.2549999999,7,14,0
742,0120173_neurosketch,18,2,bench,343,126,0,147496.2549999999,7,14,0
743,0120173_neurosketch,18,2,bench,343,127,0,147496.2549999999,7,14,0
744,0120173_neurosketch,18,2,bed,344,128,0,192498.4450000003,7,32,1
745,0120173_neurosketch,18,2,bed,344,129,0,192498.4450000003,7,32,0
746,0120173_neurosketch,18,2,bed,344,130,0,192498.4450000003,7,32,0
747,0120173_neurosketch,18,2,bed,344,131,0,192498.4450000003,7,32,0
748,0120173_neurosketch,18,2,bed,344,132,0,192498.4450000003,7,32,0
749,0120173_neurosketch,18,2,bed,344,133,0,192498.4450000003,7,32,0
750,0120173_neurosketch,18,2,bed,344,134,0,192498.4450000003,7,32,0
751,0120173_neurosketch,18,2,bed,344,135,0,192498.4450000003,7,32,0
752,0120173_neurosketch,18,2,bed,344,136,0,192498.4450000003,7,32,0
753,0120173_neurosketch,18,2,bed,344,137,0,192498.4450000003,7,32,0
754,0120173_neurosketch,18,2,bed,344,138,0,192498.4450000003,7,32,0
755,0120173_neurosketch,18,2,bed,344,139,0,192498.4450000003,7,32,0
756,0120173_neurosketch,18,2,bed,344,140,0,192498.4450000003,7,32,0
757,0120173_neurosketch,18,2,bed,344,141,0,192498.4450000003,7,32,0
758,0120173_neurosketch,18,2,bed,344,142,0,192498.4450000003,7,32,0
759,0120173_neurosketch,18,2,bed,344,143,0,192498.4450000003,7,32,0
760,0120173_neurosketch,18,2,bed,344,144,0,192498.4450000003,7,32,0
761,0120173_neurosketch,18,2,bed,344,145,0,192498.4450000003,7,32,0
762,0120173_neurosketch,18,2,bed,344,146,0,192498.4450000003,7,32,0
763,0120173_neurosketch,18,2,bed,344,147,0,192498.4450000003,7,32,0
764,0120173_neurosketch,18,2,bed,344,148,0,192498.4450000003,7,32,0
765,0120173_neurosketch,18,2,bed,344,149,0,192498.4450000003,7,32,0
766,0120173_neurosketch,18,2,bed,344,150,0,192498.4450000003,7,32,0
767,0120173_neurosketch,18,2,bed,344,151,0,192498.4450000003,7,32,0
768,0120173_neurosketch,18,2,bed,344,152,0,192498.4450000003,7,32,0
769,0120173_neurosketch,18,2,bed,344,153,0,192498.4450000003,7,32,0
770,0120173_neurosketch,18,2,bed,344,154,0,192498.4450000003,7,32,0
771,0120173_neurosketch,18,2,bed,344,155,0,192498.4450000003,7,32,0
772,0120173_neurosketch,18,2,bed,344,156,0,192498.4450000003,7,32,0
773,0120173_neurosketch,18,2,bed,344,157,0,192498.4450000003,7,32,0
774,0120173_neurosketch,18,2,bench,345,158,0,237498.43000000017,7,32,1
775,0120173_neurosketch,18,2,bench,345,159,0,237498.43000000017,7,32,0
776,0120173_neurosketch,18,2,bench,345,160,0,237498.43000000017,7,32,0
777,0120173_neurosketch,18,2,bench,345,161,0,237498.43000000017,7,32,0
778,0120173_neurosketch,18,2,bench,345,162,0,237498.43000000017,7,32,0
779,0120173_neurosketch,18,2,bench,345,163,0,237498.43000000017,7,32,0
780,0120173_neurosketch,18,2,bench,345,164,0,237498.43000000017,7,32,0
781,0120173_neurosketch,18,2,bench,345,165,0,237498.43000000017,7,32,0
782,0120173_neurosketch,18,2,bench,345,166,0,237498.43000000017,7,32,0
783,0120173_neurosketch,18,2,bench,345,167,0,237498.43000000017,7,32,0
784,0120173_neurosketch,18,2,bench,345,168,0,237498.43000000017,7,32,0
785,0120173_neurosketch,18,2,bench,345,169,0,237498.43000000017,7,32,0
786,0120173_neurosketch,18,2,bench,345,170,0,237498.43000000017,7,32,0
787,0120173_neurosketch,18,2,bench,345,171,0,237498.43000000017,7,32,0
788,0120173_neurosketch,18,2,bench,345,172,0,237498.43000000017,7,32,0
789,0120173_neurosketch,18,2,bench,345,173,0,237498.43000000017,7,32,0
790,0120173_neurosketch,18,2,bench,345,174,0,237498.43000000017,7,32,0
791,0120173_neurosketch,18,2,bench,345,175,0,237498.43000000017,7,32,0
792,0120173_neurosketch,18,2,bench,345,176,0,237498.43000000017,7,32,0
793,0120173_neurosketch,18,2,bench,345,177,0,237498.43000000017,7,32,0
794,0120173_neurosketch,18,2,bench,345,178,0,237498.43000000017,7,32,0
795,0120173_neurosketch,18,2,bench,345,179,0,237498.43000000017,7,32,0
796,0120173_neurosketch,18,2,bench,345,180,0,237498.43000000017,7,32,0
797,0120173_neurosketch,18,2,bench,345,181,0,237498.43000000017,7,32,0
798,0120173_neurosketch,18,2,bench,345,182,0,237498.43000000017,7,32,0
799,0120173_neurosketch,18,2,bench,345,183,0,237498.43000000017,7,32,0
800,0120173_neurosketch,18,2,bench,345,184,0,237498.43000000017,7,32,0
801,0120173_neurosketch,18,2,bench,345,185,0,237498.43000000017,7,32,0
802,0120173_neurosketch,18,2,bench,345,186,0,237498.43000000017,7,32,0
803,0120173_neurosketch,18,2,bench,345,187,0,237498.43000000017,7,32,0
804,0120173_neurosketch,18,2,bed,346,188,0,282497.66000000015,7,28,1
805,0120173_neurosketch,18,2,bed,346,189,0,282497.66000000015,7,28,0
806,0120173_neurosketch,18,2,bed,346,190,0,282497.66000000015,7,28,0
807,0120173_neurosketch,18,2,bed,346,191,0,282497.66000000015,7,28,0
808,0120173_neurosketch,18,2,bed,346,192,0,282497.66000000015,7,28,0
809,0120173_neurosketch,18,2,bed,346,193,0,282497.66000000015,7,28,0
810,0120173_neurosketch,18,2,bed,346,194,0,282497.66000000015,7,28,0
811,0120173_neurosketch,18,2,bed,346,195,0,282497.66000000015,7,28,0
812,0120173_neurosketch,18,2,bed,346,196,0,282497.66000000015,7,28,0
813,0120173_neurosketch,18,2,bed,346,197,0,282497.66000000015,7,28,0
814,0120173_neurosketch,18,2,bed,346,198,0,282497.66000000015,7,28,0
815,0120173_neurosketch,18,2,bed,346,199,0,282497.66000000015,7,28,0
816,0120173_neurosketch,18,2,bed,346,200,0,282497.66000000015,7,28,0
817,0120173_neurosketch,18,2,bed,346,201,0,282497.66000000015,7,28,0
818,0120173_neurosketch,18,2,bed,346,202,0,282497.66000000015,7,28,0
819,0120173_neurosketch,18,2,bed,346,203,0,282497.66000000015,7,28,0
820,0120173_neurosketch,18,2,bed,346,204,0,282497.66000000015,7,28,0
821,0120173_neurosketch,18,2,bed,346,205,0,282497.66000000015,7,28,0
822,0120173_neurosketch,18,2,bed,346,206,0,282497.66000000015,7,28,0
823,0120173_neurosketch,18,2,bed,346,207,0,282497.66000000015,7,28,0
824,0120173_neurosketch,18,2,bed,346,208,0,282497.66000000015,7,28,0
825,0120173_neurosketch,18,2,bed,346,209,0,282497.66000000015,7,28,0
826,0120173_neurosketch,18,2,bed,346,210,0,282497.66000000015,7,28,0
827,0120173_neurosketch,18,2,bed,346,211,0,282497.66000000015,7,28,0
828,0120173_neurosketch,18,2,bed,346,212,0,282497.66000000015,7,28,0
829,0120173_neurosketch,18,2,bed,346,213,0,282497.66000000015,7,28,0
830,0120173_neurosketch,18,2,bed,346,214,0,282497.66000000015,7,28,0
831,0120173_neurosketch,18,2,bed,346,215,0,282497.66000000015,7,28,0
832,0120173_neurosketch,18,2,bed,346,216,0,282497.66000000015,7,28,0
833,0120173_neurosketch,18,2,bed,346,217,0,282497.66000000015,7,28,0
834,0120173_neurosketch,18,2,bench,347,218,0,327498.1750000003,7,28,1
835,0120173_neurosketch,18,2,bench,347,219,0,327498.1750000003,7,28,0
836,0120173_neurosketch,18,2,bench,347,220,0,327498.1750000003,7,28,0
837,0120173_neurosketch,18,2,bench,347,221,0,327498.1750000003,7,28,0
838,0120173_neurosketch,18,2,bench,347,222,0,327498.1750000003,7,28,0
839,0120173_neurosketch,18,2,bench,347,223,0,327498.1750000003,7,28,0
840,0120173_neurosketch,18,2,bench,347,224,0,327498.1750000003,7,28,0
841,0120173_neurosketch,18,2,bench,347,225,0,327498.1750000003,7,28,0
842,0120173_neurosketch,18,2,bench,347,226,0,327498.1750000003,7,28,0
843,0120173_neurosketch,18,2,bench,347,227,0,327498.1750000003,7,28,0
844,0120173_neurosketch,18,2,bench,347,228,0,327498.1750000003,7,28,0
845,0120173_neurosketch,18,2,bench,347,229,0,327498.1750000003,7,28,0
846,0120173_neurosketch,18,2,bench,347,230,0,327498.1750000003,7,28,0
847,0120173_neurosketch,18,2,bench,347,231,0,327498.1750000003,7,28,0
848,0120173_neurosketch,18,2,bench,347,232,0,327498.1750000003,7,28,0
849,0120173_neurosketch,18,2,bench,347,233,0,327498.1750000003,7,28,0
850,0120173_neurosketch,18,2,bench,347,234,0,327498.1750000003,7,28,0
851,0120173_neurosketch,18,2,bench,347,235,0,327498.1750000003,7,28,0
852,0120173_neurosketch,18,2,bench,347,236,0,327498.1750000003,7,28,0
853,0120173_neurosketch,18,2,bench,347,237,0,327498.1750000003,7,28,0
854,0120173_neurosketch,18,2,bench,347,238,0,327498.1750000003,7,28,0
855,0120173_neurosketch,18,2,bench,347,239,0,327498.1750000003,7,28,0
856,0120173_neurosketch,18,2,bench,347,240,0,327498.1750000003,7,28,0
857,0120173_neurosketch,18,2,bench,347,241,0,327498.1750000003,7,28,0
858,0120173_neurosketch,18,2,bench,347,242,0,327498.1750000003,7,28,0
859,0120173_neurosketch,18,2,bench,347,243,0,327498.1750000003,7,28,0
860,0120173_neurosketch,18,2,bench,347,244,0,327498.1750000003,7,28,0
861,0120173_neurosketch,18,2,bench,347,245,0,327498.1750000003,7,28,0
862,0120173_neurosketch,18,2,bench,347,246,0,327498.1750000003,7,28,0
863,0120173_neurosketch,18,2,bench,347,247,0,327498.1750000003,7,28,0
864,0120173_neurosketch,18,2,bed,348,248,0,372509.5900000003,7,20,1
865,0120173_neurosketch,18,2,bed,348,249,0,372509.5900000003,7,20,0
866,0120173_neurosketch,18,2,bed,348,250,0,372509.5900000003,7,20,0
867,0120173_neurosketch,18,2,bed,348,251,0,372509.5900000003,7,20,0
868,0120173_neurosketch,18,2,bed,348,252,0,372509.5900000003,7,20,0
869,0120173_neurosketch,18,2,bed,348,253,0,372509.5900000003,7,20,0
870,0120173_neurosketch,18,2,bed,348,254,0,372509.5900000003,7,20,0
871,0120173_neurosketch,18,2,bed,348,255,0,372509.5900000003,7,20,0
872,0120173_neurosketch,18,2,bed,348,256,0,372509.5900000003,7,20,0
873,0120173_neurosketch,18,2,bed,348,257,0,372509.5900000003,7,20,0
874,0120173_neurosketch,18,2,bed,348,258,0,372509.5900000003,7,20,0
875,0120173_neurosketch,18,2,bed,348,259,0,372509.5900000003,7,20,0
876,0120173_neurosketch,18,2,bed,348,260,0,372509.5900000003,7,20,0
877,0120173_neurosketch,18,2,bed,348,261,0,372509.5900000003,7,20,0
878,0120173_neurosketch,18,2,bed,348,262,0,372509.5900000003,7,20,0
879,0120173_neurosketch,18,2,bed,348,263,0,372509.5900000003,7,20,0
880,0120173_neurosketch,18,2,bed,348,264,0,372509.5900000003,7,20,0
881,0120173_neurosketch,18,2,bed,348,265,0,372509.5900000003,7,20,0
882,0120173_neurosketch,18,2,bed,348,266,0,372509.5900000003,7,20,0
883,0120173_neurosketch,18,2,bed,348,267,0,372509.5900000003,7,20,0
884,0120173_neurosketch,18,2,bed,348,268,0,372509.5900000003,7,20,0
885,0120173_neurosketch,18,2,bed,348,269,0,372509.5900000003,7,20,0
886,0120173_neurosketch,18,2,bed,348,270,0,372509.5900000003,7,20,0
887,0120173_neurosketch,18,2,bed,348,271,0,372509.5900000003,7,20,0
888,0120173_neurosketch,18,2,bed,348,272,0,372509.5900000003,7,20,0
889,0120173_neurosketch,18,2,bed,348,273,0,372509.5900000003,7,20,0
890,0120173_neurosketch,18,2,bed,348,274,0,372509.5900000003,7,20,0
891,0120173_neurosketch,18,2,bed,348,275,0,372509.5900000003,7,20,0
892,0120173_neurosketch,18,2,bed,348,276,0,372509.5900000003,7,20,0
893,0120173_neurosketch,18,2,bed,348,277,0,372509.5900000003,7,20,0
894,0120173_neurosketch,18,2,bench,349,278,0,417497.6200000001,7,20,1
895,0120173_neurosketch,18,2,bench,349,279,0,417497.6200000001,7,20,0
896,0120173_neurosketch,18,2,bench,349,280,0,417497.6200000001,7,20,0
897,0120173_neurosketch,18,2,bench,349,281,0,417497.6200000001,7,20,0
898,0120173_neurosketch,18,2,bench,349,282,0,417497.6200000001,7,20,0
899,0120173_neurosketch,18,2,bench,349,283,0,417497.6200000001,7,20,0
900,0120173_neurosketch,18,2,bench,349,284,0,417497.6200000001,7,20,0
901,0120173_neurosketch,18,2,bench,349,285,0,417497.6200000001,7,20,0
902,0120173_neurosketch,18,2,bench,349,286,0,417497.6200000001,7,20,0
903,0120173_neurosketch,18,2,bench,349,287,0,417497.6200000001,7,20,0
904,0120173_neurosketch,18,2,bench,349,288,0,417497.6200000001,7,20,0
905,0120173_neurosketch,18,2,bench,349,289,0,417497.6200000001,7,20,0
906,0120173_neurosketch,18,2,bench,349,290,0,417497.6200000001,7,20,0
907,0120173_neurosketch,18,2,bench,349,291,0,417497.6200000001,7,20,0
908,0120173_neurosketch,18,2,bench,349,292,0,417497.6200000001,7,20,0
909,0120173_neurosketch,18,2,bench,349,293,0,417497.6200000001,7,20,0
910,0120173_neurosketch,18,2,bench,349,294,0,417497.6200000001,7,20,0
911,0120173_neurosketch,18,2,bench,349,295,0,417497.6200000001,7,20,0
912,0120173_neurosketch,18,2,bench,349,296,0,417497.6200000001,7,20,0
913,0120173_neurosketch,18,2,bench,349,297,0,417497.6200000001,7,20,0
914,0120173_neurosketch,18,2,bench,349,298,0,417497.6200000001,7,20,0
915,0120173_neurosketch,18,2,bench,349,299,0,417497.6200000001,7,20,0
916,0120173_neurosketch,18,2,bench,349,300,0,417497.6200000001,7,20,0
917,0120173_neurosketch,18,2,bench,349,301,0,417497.6200000001,7,20,0
918,0120173_neurosketch,18,2,bench,349,302,0,417497.6200000001,7,20,0
919,0120173_neurosketch,18,2,bench,349,303,0,417497.6200000001,7,20,0
920,0120173_neurosketch,18,2,bench,349,304,0,417497.6200000001,7,20,0
921,0120173_neurosketch,18,2,bench,349,305,0,417497.6200000001,7,20,0
922,0120173_neurosketch,18,2,bench,349,306,0,417497.6200000001,7,20,0
923,0120173_neurosketch,18,2,bench,349,307,0,417497.6200000001,7,20,0
924,0120173_neurosketch,18,2,bed,350,0,-1,0,7,36,0
925,0120173_neurosketch,18,2,bed,350,1,-1,0,7,36,0
926,0120173_neurosketch,18,2,bed,350,2,-1,0,7,36,0
927,0120173_neurosketch,18,2,bed,350,3,-1,0,7,36,0
928,0120173_neurosketch,18,2,bed,350,4,-1,0,7,36,0
929,0120173_neurosketch,18,2,bed,350,5,-1,0,7,36,0
930,0120173_neurosketch,18,2,bed,350,6,-1,0,7,36,0
931,0120173_neurosketch,18,2,bed,350,7,-1,0,7,36,0
932,0120173_neurosketch,18,2,bed,350,8,0,12487.644999999553,7,36,1
933,0120173_neurosketch,18,2,bed,350,9,0,12487.644999999553,7,36,0
934,0120173_neurosketch,18,2,bed,350,10,0,12487.644999999553,7,36,0
935,0120173_neurosketch,18,2,bed,350,11,0,12487.644999999553,7,36,0
936,0120173_neurosketch,18,2,bed,350,12,0,12487.644999999553,7,36,0
937,0120173_neurosketch,18,2,bed,350,13,0,12487.644999999553,7,36,0
938,0120173_neurosketch,18,2,bed,350,14,0,12487.644999999553,7,36,0
939,0120173_neurosketch,18,2,bed,350,15,0,12487.644999999553,7,36,0
940,0120173_neurosketch,18,2,bed,350,16,0,12487.644999999553,7,36,0
941,0120173_neurosketch,18,2,bed,350,17,0,12487.644999999553,7,36,0
942,0120173_neurosketch,18,2,bed,350,18,0,12487.644999999553,7,36,0
943,0120173_neurosketch,18,2,bed,350,19,0,12487.644999999553,7,36,0
944,0120173_neurosketch,18,2,bed,350,20,0,12487.644999999553,7,36,0
945,0120173_neurosketch,18,2,bed,350,21,0,12487.644999999553,7,36,0
946,0120173_neurosketch,18,2,bed,350,22,0,12487.644999999553,7,36,0
947,0120173_neurosketch,18,2,bed,350,23,0,12487.644999999553,7,36,0
948,0120173_neurosketch,18,2,bed,350,24,0,12487.644999999553,7,36,0
949,0120173_neurosketch,18,2,bed,350,25,0,12487.644999999553,7,36,0
950,0120173_neurosketch,18,2,bed,350,26,0,12487.644999999553,7,36,0
951,0120173_neurosketch,18,2,bed,350,27,0,12487.644999999553,7,36,0
952,0120173_neurosketch,18,2,bed,350,28,0,12487.644999999553,7,36,0
953,0120173_neurosketch,18,2,bed,350,29,0,12487.644999999553,7,36,0
954,0120173_neurosketch,18,2,bed,350,30,0,12487.644999999553,7,36,0
955,0120173_neurosketch,18,2,bed,350,31,0,12487.644999999553,7,36,0
956,0120173_neurosketch,18,2,bed,350,32,0,12487.644999999553,7,36,0
957,0120173_neurosketch,18,2,bed,350,33,0,12487.644999999553,7,36,0
958,0120173_neurosketch,18,2,bed,350,34,0,12487.644999999553,7,36,0
959,0120173_neurosketch,18,2,bed,350,35,0,12487.644999999553,7,36,0
960,0120173_neurosketch,18,2,bed,350,36,0,12487.644999999553,7,36,0
961,0120173_neurosketch,18,2,bed,350,37,0,12487.644999999553,7,36,0
962,0120173_neurosketch,18,2,bench,351,38,0,57497.98499999987,8,36,1
963,0120173_neurosketch,18,2,bench,351,39,0,57497.98499999987,8,36,0
964,0120173_neurosketch,18,2,bench,351,40,0,57497.98499999987,8,36,0
965,0120173_neurosketch,18,2,bench,351,41,0,57497.98499999987,8,36,0
966,0120173_neurosketch,18,2,bench,351,42,0,57497.98499999987,8,36,0
967,0120173_neurosketch,18,2,bench,351,43,0,57497.98499999987,8,36,0
968,0120173_neurosketch,18,2,bench,351,44,0,57497.98499999987,8,36,0
969,0120173_neurosketch,18,2,bench,351,45,0,57497.98499999987,8,36,0
970,0120173_neurosketch,18,2,bench,351,46,0,57497.98499999987,8,36,0
971,0120173_neurosketch,18,2,bench,351,47,0,57497.98499999987,8,36,0
972,0120173_neurosketch,18,2,bench,351,48,0,57497.98499999987,8,36,0
973,0120173_neurosketch,18,2,bench,351,49,0,57497.98499999987,8,36,0
974,0120173_neurosketch,18,2,bench,351,50,0,57497.98499999987,8,36,0
975,0120173_neurosketch,18,2,bench,351,51,0,57497.98499999987,8,36,0
976,0120173_neurosketch,18,2,bench,351,52,0,57497.98499999987,8,36,0
977,0120173_neurosketch,18,2,bench,351,53,0,57497.98499999987,8,36,0
978,0120173_neurosketch,18,2,bench,351,54,0,57497.98499999987,8,36,0
979,0120173_neurosketch,18,2,bench,351,55,0,57497.98499999987,8,36,0
980,0120173_neurosketch,18,2,bench,351,56,0,57497.98499999987,8,36,0
981,0120173_neurosketch,18,2,bench,351,57,0,57497.98499999987,8,36,0
982,0120173_neurosketch,18,2,bench,351,58,0,57497.98499999987,8,36,0
983,0120173_neurosketch,18,2,bench,351,59,0,57497.98499999987,8,36,0
984,0120173_neurosketch,18,2,bench,351,60,0,57497.98499999987,8,36,0
985,0120173_neurosketch,18,2,bench,351,61,0,57497.98499999987,8,36,0
986,0120173_neurosketch,18,2,bench,351,62,0,57497.98499999987,8,36,0
987,0120173_neurosketch,18,2,bench,351,63,0,57497.98499999987,8,36,0
988,0120173_neurosketch,18,2,bench,351,64,0,57497.98499999987,8,36,0
989,0120173_neurosketch,18,2,bench,351,65,0,57497.98499999987,8,36,0
990,0120173_neurosketch,18,2,bench,351,66,0,57497.98499999987,8,36,0
991,0120173_neurosketch,18,2,bench,351,67,0,57497.98499999987,8,36,0
992,0120173_neurosketch,18,2,bed,352,68,0,102497.79999999981,8,2,1
993,0120173_neurosketch,18,2,bed,352,69,0,102497.79999999981,8,2,0
994,0120173_neurosketch,18,2,bed,352,70,0,102497.79999999981,8,2,0
995,0120173_neurosketch,18,2,bed,352,71,0,102497.79999999981,8,2,0
996,0120173_neurosketch,18,2,bed,352,72,0,102497.79999999981,8,2,0
997,0120173_neurosketch,18,2,bed,352,73,0,102497.79999999981,8,2,0
998,0120173_neurosketch,18,2,bed,352,74,0,102497.79999999981,8,2,0
999,0120173_neurosketch,18,2,bed,352,75,0,102497.79999999981,8,2,0
1000,0120173_neurosketch,18,2,bed,352,76,0,102497.79999999981,8,2,0
1001,0120173_neurosketch,18,2,bed,352,77,0,102497.79999999981,8,2,0
1002,0120173_neurosketch,18,2,bed,352,78,0,102497.79999999981,8,2,0
1003,0120173_neurosketch,18,2,bed,352,79,0,102497.79999999981,8,2,0
1004,0120173_neurosketch,18,2,bed,352,80,0,102497.79999999981,8,2,0
1005,0120173_neurosketch,18,2,bed,352,81,0,102497.79999999981,8,2,0
1006,0120173_neurosketch,18,2,bed,352,82,0,102497.79999999981,8,2,0
1007,0120173_neurosketch,18,2,bed,352,83,0,102497.79999999981,8,2,0
1008,0120173_neurosketch,18,2,bed,352,84,0,102497.79999999981,8,2,0
1009,0120173_neurosketch,18,2,bed,352,85,0,102497.79999999981,8,2,0
1010,0120173_neurosketch,18,2,bed,352,86,0,102497.79999999981,8,2,0
1011,0120173_neurosketch,18,2,bed,352,87,0,102497.79999999981,8,2,0
1012,0120173_neurosketch,18,2,bed,352,88,0,102497.79999999981,8,2,0
1013,0120173_neurosketch,18,2,bed,352,89,0,102497.79999999981,8,2,0
1014,0120173_neurosketch,18,2,bed,352,90,0,102497.79999999981,8,2,0
1015,0120173_neurosketch,18,2,bed,352,91,0,102497.79999999981,8,2,0
1016,0120173_neurosketch,18,2,bed,352,92,0,102497.79999999981,8,2,0
1017,0120173_neurosketch,18,2,bed,352,93,0,102497.79999999981,8,2,0
1018,0120173_neurosketch,18,2,bed,352,94,0,102497.79999999981,8,2,0
1019,0120173_neurosketch,18,2,bed,352,95,0,102497.79999999981,8,2,0
1020,0120173_neurosketch,18,2,bed,352,96,0,102497.79999999981,8,2,0
1021,0120173_neurosketch,18,2,bed,352,97,0,102497.79999999981,8,2,0
1022,0120173_neurosketch,18,2,bench,353,98,0,147497.69999999972,8,2,1
1023,0120173_neurosketch,18,2,bench,353,99,0,147497.69999999972,8,2,0
1024,0120173_neurosketch,18,2,bench,353,100,0,147497.69999999972,8,2,0
1025,0120173_neurosketch,18,2,bench,353,101,0,147497.69999999972,8,2,0
1026,0120173_neurosketch,18,2,bench,353,102,0,147497.69999999972,8,2,0
1027,0120173_neurosketch,18,2,bench,353,103,0,147497.69999999972,8,2,0
1028,0120173_neurosketch,18,2,bench,353,104,0,147497.69999999972,8,2,0
1029,0120173_neurosketch,18,2,bench,353,105,0,147497.69999999972,8,2,0
1030,0120173_neurosketch,18,2,bench,353,106,0,147497.69999999972,8,2,0
1031,0120173_neurosketch,18,2,bench,353,107,0,147497.69999999972,8,2,0
1032,0120173_neurosketch,18,2,bench,353,108,0,147497.69999999972,8,2,0
1033,0120173_neurosketch,18,2,bench,353,109,0,147497.69999999972,8,2,0
1034,0120173_neurosketch,18,2,bench,353,110,0,147497.69999999972,8,2,0
1035,0120173_neurosketch,18,2,bench,353,111,0,147497.69999999972,8,2,0
1036,0120173_neurosketch,18,2,bench,353,112,0,147497.69999999972,8,2,0
1037,0120173_neurosketch,18,2,bench,353,113,0,147497.69999999972,8,2,0
1038,0120173_neurosketch,18,2,bench,353,114,0,147497.69999999972,8,2,0
1039,0120173_neurosketch,18,2,bench,353,115,0,147497.69999999972,8,2,0
1040,0120173_neurosketch,18,2,bench,353,116,0,147497.69999999972,8,2,0
1041,0120173_neurosketch,18,2,bench,353,117,0,147497.69999999972,8,2,0
1042,0120173_neurosketch,18,2,bench,353,118,0,147497.69999999972,8,2,0
1043,0120173_neurosketch,18,2,bench,353,119,0,147497.69999999972,8,2,0
1044,0120173_neurosketch,18,2,bench,353,120,0,147497.69999999972,8,2,0
1045,0120173_neurosketch,18,2,bench,353,121,0,147497.69999999972,8,2,0
1046,0120173_neurosketch,18,2,bench,353,122,0,147497.69999999972,8,2,0
1047,0120173_neurosketch,18,2,bench,353,123,0,147497.69999999972,8,2,0
1048,0120173_neurosketch,18,2,bench,353,124,0,147497.69999999972,8,2,0
1049,0120173_neurosketch,18,2,bench,353,125,0,147497.69999999972,8,2,0
1050,0120173_neurosketch,18,2,bench,353,126,0,147497.69999999972,8,2,0
1051,0120173_neurosketch,18,2,bench,353,127,0,147497.69999999972,8,2,0
1052,0120173_neurosketch,18,2,bed,354,128,0,192497.36499999976,8,30,1
1053,0120173_neurosketch,18,2,bed,354,129,0,192497.36499999976,8,30,0
1054,0120173_neurosketch,18,2,bed,354,130,0,192497.36499999976,8,30,0
1055,0120173_neurosketch,18,2,bed,354,131,0,192497.36499999976,8,30,0
1056,0120173_neurosketch,18,2,bed,354,132,0,192497.36499999976,8,30,0
1057,0120173_neurosketch,18,2,bed,354,133,0,192497.36499999976,8,30,0
1058,0120173_neurosketch,18,2,bed,354,134,0,192497.36499999976,8,30,0
1059,0120173_neurosketch,18,2,bed,354,135,0,192497.36499999976,8,30,0
1060,0120173_neurosketch,18,2,bed,354,136,0,192497.36499999976,8,30,0
1061,0120173_neurosketch,18,2,bed,354,137,0,192497.36499999976,8,30,0
1062,0120173_neurosketch,18,2,bed,354,138,0,192497.36499999976,8,30,0
1063,0120173_neurosketch,18,2,bed,354,139,0,192497.36499999976,8,30,0
1064,0120173_neurosketch,18,2,bed,354,140,0,192497.36499999976,8,30,0
1065,0120173_neurosketch,18,2,bed,354,141,0,192497.36499999976,8,30,0
1066,0120173_neurosketch,18,2,bed,354,142,0,192497.36499999976,8,30,0
1067,0120173_neurosketch,18,2,bed,354,143,0,192497.36499999976,8,30,0
1068,0120173_neurosketch,18,2,bed,354,144,0,192497.36499999976,8,30,0
1069,0120173_neurosketch,18,2,bed,354,145,0,192497.36499999976,8,30,0
1070,0120173_neurosketch,18,2,bed,354,146,0,192497.36499999976,8,30,0
1071,0120173_neurosketch,18,2,bed,354,147,0,192497.36499999976,8,30,0
1072,0120173_neurosketch,18,2,bed,354,148,0,192497.36499999976,8,30,0
1073,0120173_neurosketch,18,2,bed,354,149,0,192497.36499999976,8,30,0
1074,0120173_neurosketch,18,2,bed,354,150,0,192497.36499999976,8,30,0
1075,0120173_neurosketch,18,2,bed,354,151,0,192497.36499999976,8,30,0
1076,0120173_neurosketch,18,2,bed,354,152,0,192497.36499999976,8,30,0
1077,0120173_neurosketch,18,2,bed,354,153,0,192497.36499999976,8,30,0
1078,0120173_neurosketch,18,2,bed,354,154,0,192497.36499999976,8,30,0
1079,0120173_neurosketch,18,2,bed,354,155,0,192497.36499999976,8,30,0
1080,0120173_neurosketch,18,2,bed,354,156,0,192497.36499999976,8,30,0
1081,0120173_neurosketch,18,2,bed,354,157,0,192497.36499999976,8,30,0
1082,0120173_neurosketch,18,2,bench,355,158,0,237498.5950000002,8,30,1
1083,0120173_neurosketch,18,2,bench,355,159,0,237498.5950000002,8,30,0
1084,0120173_neurosketch,18,2,bench,355,160,0,237498.5950000002,8,30,0
1085,0120173_neurosketch,18,2,bench,355,161,0,237498.5950000002,8,30,0
1086,0120173_neurosketch,18,2,bench,355,162,0,237498.5950000002,8,30,0
1087,0120173_neurosketch,18,2,bench,355,163,0,237498.5950000002,8,30,0
1088,0120173_neurosketch,18,2,bench,355,164,0,237498.5950000002,8,30,0
1089,0120173_neurosketch,18,2,bench,355,165,0,237498.5950000002,8,30,0
1090,0120173_neurosketch,18,2,bench,355,166,0,237498.5950000002,8,30,0
1091,0120173_neurosketch,18,2,bench,355,167,0,237498.5950000002,8,30,0
1092,0120173_neurosketch,18,2,bench,355,168,0,237498.5950000002,8,30,0
1093,0120173_neurosketch,18,2,bench,355,169,0,237498.5950000002,8,30,0
1094,0120173_neurosketch,18,2,bench,355,170,0,237498.5950000002,8,30,0
1095,0120173_neurosketch,18,2,bench,355,171,0,237498.5950000002,8,30,0
1096,0120173_neurosketch,18,2,bench,355,172,0,237498.5950000002,8,30,0
1097,0120173_neurosketch,18,2,bench,355,173,0,237498.5950000002,8,30,0
1098,0120173_neurosketch,18,2,bench,355,174,0,237498.5950000002,8,30,0
1099,0120173_neurosketch,18,2,bench,355,175,0,237498.5950000002,8,30,0
1100,0120173_neurosketch,18,2,bench,355,176,0,237498.5950000002,8,30,0
1101,0120173_neurosketch,18,2,bench,355,177,0,237498.5950000002,8,30,0
1102,0120173_neurosketch,18,2,bench,355,178,0,237498.5950000002,8,30,0
1103,0120173_neurosketch,18,2,bench,355,179,0,237498.5950000002,8,30,0
1104,0120173_neurosketch,18,2,bench,355,180,0,237498.5950000002,8,30,0
1105,0120173_neurosketch,18,2,bench,355,181,0,237498.5950000002,8,30,0
1106,0120173_neurosketch,18,2,bench,355,182,0,237498.5950000002,8,30,0
1107,0120173_neurosketch,18,2,bench,355,183,0,237498.5950000002,8,30,0
1108,0120173_neurosketch,18,2,bench,355,184,0,237498.5950000002,8,30,0
1109,0120173_neurosketch,18,2,bench,355,185,0,237498.5950000002,8,30,0
1110,0120173_neurosketch,18,2,bench,355,186,0,237498.5950000002,8,30,0
1111,0120173_neurosketch,18,2,bench,355,187,0,237498.5950000002,8,30,0
1112,0120173_neurosketch,18,2,bed,356,188,0,282496.70999999996,8,12,1
1113,0120173_neurosketch,18,2,bed,356,189,0,282496.70999999996,8,12,0
1114,0120173_neurosketch,18,2,bed,356,190,0,282496.70999999996,8,12,0
1115,0120173_neurosketch,18,2,bed,356,191,0,282496.70999999996,8,12,0
1116,0120173_neurosketch,18,2,bed,356,192,0,282496.70999999996,8,12,0
1117,0120173_neurosketch,18,2,bed,356,193,0,282496.70999999996,8,12,0
1118,0120173_neurosketch,18,2,bed,356,194,0,282496.70999999996,8,12,0
1119,0120173_neurosketch,18,2,bed,356,195,0,282496.70999999996,8,12,0
1120,0120173_neurosketch,18,2,bed,356,196,0,282496.70999999996,8,12,0
1121,0120173_neurosketch,18,2,bed,356,197,0,282496.70999999996,8,12,0
1122,0120173_neurosketch,18,2,bed,356,198,0,282496.70999999996,8,12,0
1123,0120173_neurosketch,18,2,bed,356,199,0,282496.70999999996,8,12,0
1124,0120173_neurosketch,18,2,bed,356,200,0,282496.70999999996,8,12,0
1125,0120173_neurosketch,18,2,bed,356,201,0,282496.70999999996,8,12,0
1126,0120173_neurosketch,18,2,bed,356,202,0,282496.70999999996,8,12,0
1127,0120173_neurosketch,18,2,bed,356,203,0,282496.70999999996,8,12,0
1128,0120173_neurosketch,18,2,bed,356,204,0,282496.70999999996,8,12,0
1129,0120173_neurosketch,18,2,bed,356,205,0,282496.70999999996,8,12,0
1130,0120173_neurosketch,18,2,bed,356,206,0,282496.70999999996,8,12,0
1131,0120173_neurosketch,18,2,bed,356,207,0,282496.70999999996,8,12,0
1132,0120173_neurosketch,18,2,bed,356,208,0,282496.70999999996,8,12,0
1133,0120173_neurosketch,18,2,bed,356,209,0,282496.70999999996,8,12,0
1134,0120173_neurosketch,18,2,bed,356,210,0,282496.70999999996,8,12,0
1135,0120173_neurosketch,18,2,bed,356,211,0,282496.70999999996,8,12,0
1136,0120173_neurosketch,18,2,bed,356,212,0,282496.70999999996,8,12,0
1137,0120173_neurosketch,18,2,bed,356,213,0,282496.70999999996,8,12,0
1138,0120173_neurosketch,18,2,bed,356,214,0,282496.70999999996,8,12,0
1139,0120173_neurosketch,18,2,bed,356,215,0,282496.70999999996,8,12,0
1140,0120173_neurosketch,18,2,bed,356,216,0,282496.70999999996,8,12,0
1141,0120173_neurosketch,18,2,bed,356,217,0,282496.70999999996,8,12,0
1142,0120173_neurosketch,18,2,bench,357,218,0,327498.30500000017,8,12,1
1143,0120173_neurosketch,18,2,bench,357,219,0,327498.30500000017,8,12,0
1144,0120173_neurosketch,18,2,bench,357,220,0,327498.30500000017,8,12,0
1145,0120173_neurosketch,18,2,bench,357,221,0,327498.30500000017,8,12,0
1146,0120173_neurosketch,18,2,bench,357,222,0,327498.30500000017,8,12,0
1147,0120173_neurosketch,18,2,bench,357,223,0,327498.30500000017,8,12,0
1148,0120173_neurosketch,18,2,bench,357,224,0,327498.30500000017,8,12,0
1149,0120173_neurosketch,18,2,bench,357,225,0,327498.30500000017,8,12,0
1150,0120173_neurosketch,18,2,bench,357,226,0,327498.30500000017,8,12,0
1151,0120173_neurosketch,18,2,bench,357,227,0,327498.30500000017,8,12,0
1152,0120173_neurosketch,18,2,bench,357,228,0,327498.30500000017,8,12,0
1153,0120173_neurosketch,18,2,bench,357,229,0,327498.30500000017,8,12,0
1154,0120173_neurosketch,18,2,bench,357,230,0,327498.30500000017,8,12,0
1155,0120173_neurosketch,18,2,bench,357,231,0,327498.30500000017,8,12,0
1156,0120173_neurosketch,18,2,bench,357,232,0,327498.30500000017,8,12,0
1157,0120173_neurosketch,18,2,bench,357,233,0,327498.30500000017,8,12,0
1158,0120173_neurosketch,18,2,bench,357,234,0,327498.30500000017,8,12,0
1159,0120173_neurosketch,18,2,bench,357,235,0,327498.30500000017,8,12,0
1160,0120173_neurosketch,18,2,bench,357,236,0,327498.30500000017,8,12,0
1161,0120173_neurosketch,18,2,bench,357,237,0,327498.30500000017,8,12,0
1162,0120173_neurosketch,18,2,bench,357,238,0,327498.30500000017,8,12,0
1163,0120173_neurosketch,18,2,bench,357,239,0,327498.30500000017,8,12,0
1164,0120173_neurosketch,18,2,bench,357,240,0,327498.30500000017,8,12,0
1165,0120173_neurosketch,18,2,bench,357,241,0,327498.30500000017,8,12,0
1166,0120173_neurosketch,18,2,bench,357,242,0,327498.30500000017,8,12,0
1167,0120173_neurosketch,18,2,bench,357,243,0,327498.30500000017,8,12,0
1168,0120173_neurosketch,18,2,bench,357,244,0,327498.30500000017,8,12,0
1169,0120173_neurosketch,18,2,bench,357,245,0,327498.30500000017,8,12,0
1170,0120173_neurosketch,18,2,bench,357,246,0,327498.30500000017,8,12,0
1171,0120173_neurosketch,18,2,bench,357,247,0,327498.30500000017,8,12,0
1172,0120173_neurosketch,18,2,bed,358,248,0,372497.9749999996,8,24,1
1173,0120173_neurosketch,18,2,bed,358,249,0,372497.9749999996,8,24,0
1174,0120173_neurosketch,18,2,bed,358,250,0,372497.9749999996,8,24,0
1175,0120173_neurosketch,18,2,bed,358,251,0,372497.9749999996,8,24,0
1176,0120173_neurosketch,18,2,bed,358,252,0,372497.9749999996,8,24,0
1177,0120173_neurosketch,18,2,bed,358,253,0,372497.9749999996,8,24,0
1178,0120173_neurosketch,18,2,bed,358,254,0,372497.9749999996,8,24,0
1179,0120173_neurosketch,18,2,bed,358,255,0,372497.9749999996,8,24,0
1180,0120173_neurosketch,18,2,bed,358,256,0,372497.9749999996,8,24,0
1181,0120173_neurosketch,18,2,bed,358,257,0,372497.9749999996,8,24,0
1182,0120173_neurosketch,18,2,bed,358,258,0,372497.9749999996,8,24,0
1183,0120173_neurosketch,18,2,bed,358,259,0,372497.9749999996,8,24,0
1184,0120173_neurosketch,18,2,bed,358,260,0,372497.9749999996,8,24,0
1185,0120173_neurosketch,18,2,bed,358,261,0,372497.9749999996,8,24,0
1186,0120173_neurosketch,18,2,bed,358,262,0,372497.9749999996,8,24,0
1187,0120173_neurosketch,18,2,bed,358,263,0,372497.9749999996,8,24,0
1188,0120173_neurosketch,18,2,bed,358,264,0,372497.9749999996,8,24,0
1189,0120173_neurosketch,18,2,bed,358,265,0,372497.9749999996,8,24,0
1190,0120173_neurosketch,18,2,bed,358,266,0,372497.9749999996,8,24,0
1191,0120173_neurosketch,18,2,bed,358,267,0,372497.9749999996,8,24,0
1192,0120173_neurosketch,18,2,bed,358,268,0,372497.9749999996,8,24,0
1193,0120173_neurosketch,18,2,bed,358,269,0,372497.9749999996,8,24,0
1194,0120173_neurosketch,18,2,bed,358,270,0,372497.9749999996,8,24,0
1195,0120173_neurosketch,18,2,bed,358,271,0,372497.9749999996,8,24,0
1196,0120173_neurosketch,18,2,bed,358,272,0,372497.9749999996,8,24,0
1197,0120173_neurosketch,18,2,bed,358,273,0,372497.9749999996,8,24,0
1198,0120173_neurosketch,18,2,bed,358,274,0,372497.9749999996,8,24,0
1199,0120173_neurosketch,18,2,bed,358,275,0,372497.9749999996,8,24,0
1200,0120173_neurosketch,18,2,bed,358,276,0,372497.9749999996,8,24,0
1201,0120173_neurosketch,18,2,bed,358,277,0,372497.9749999996,8,24,0
1202,0120173_neurosketch,18,2,bench,359,278,0,417498.48999999976,8,24,1
1203,0120173_neurosketch,18,2,bench,359,279,0,417498.48999999976,8,24,0
1204,0120173_neurosketch,18,2,bench,359,280,0,417498.48999999976,8,24,0
1205,0120173_neurosketch,18,2,bench,359,281,0,417498.48999999976,8,24,0
1206,0120173_neurosketch,18,2,bench,359,282,0,417498.48999999976,8,24,0
1207,0120173_neurosketch,18,2,bench,359,283,0,417498.48999999976,8,24,0
1208,0120173_neurosketch,18,2,bench,359,284,0,417498.48999999976,8,24,0
1209,0120173_neurosketch,18,2,bench,359,285,0,417498.48999999976,8,24,0
1210,0120173_neurosketch,18,2,bench,359,286,0,417498.48999999976,8,24,0
1211,0120173_neurosketch,18,2,bench,359,287,0,417498.48999999976,8,24,0
1212,0120173_neurosketch,18,2,bench,359,288,0,417498.48999999976,8,24,0
1213,0120173_neurosketch,18,2,bench,359,289,0,417498.48999999976,8,24,0
1214,0120173_neurosketch,18,2,bench,359,290,0,417498.48999999976,8,24,0
1215,0120173_neurosketch,18,2,bench,359,291,0,417498.48999999976,8,24,0
1216,0120173_neurosketch,18,2,bench,359,292,0,417498.48999999976,8,24,0
1217,0120173_neurosketch,18,2,bench,359,293,0,417498.48999999976,8,24,0
1218,0120173_neurosketch,18,2,bench,359,294,0,417498.48999999976,8,24,0
1219,0120173_neurosketch,18,2,bench,359,295,0,417498.48999999976,8,24,0
1220,0120173_neurosketch,18,2,bench,359,296,0,417498.48999999976,8,24,0
1221,0120173_neurosketch,18,2,bench,359,297,0,417498.48999999976,8,24,0
1222,0120173_neurosketch,18,2,bench,359,298,0,417498.48999999976,8,24,0
1223,0120173_neurosketch,18,2,bench,359,299,0,417498.48999999976,8,24,0
1224,0120173_neurosketch,18,2,bench,359,300,0,417498.48999999976,8,24,0
1225,0120173_neurosketch,18,2,bench,359,301,0,417498.48999999976,8,24,0
1226,0120173_neurosketch,18,2,bench,359,302,0,417498.48999999976,8,24,0
1227,0120173_neurosketch,18,2,bench,359,303,0,417498.48999999976,8,24,0
1228,0120173_neurosketch,18,2,bench,359,304,0,417498.48999999976,8,24,0
1229,0120173_neurosketch,18,2,bench,359,305,0,417498.48999999976,8,24,0
1230,0120173_neurosketch,18,2,bench,359,306,0,417498.48999999976,8,24,0
1231,0120173_neurosketch,18,2,bench,359,307,0,417498.48999999976,8,24,0
